IndividualID,country,cluster,latitude,longitude,PC1,PC2,PC3,height,seeds,fertile,flower colour,note
VAV-0001,CHN,,36.315,97.8492,-1.305744,-2.031843,-0.807501,120.7,399,TRUE,pink,"seed bank, Córdoba"
VAV-0002,ETH,C,14.1512,40.6214,2.164972,-2.472006,1.617129,134.4,134,TRUE,purple,cultivar
VAV-0003,ETH,C,15.3056,42.9043,2.32248,-2.225249,1.838453,109.5,307,TRUE,purple,collected in 1998
VAV-0004,MEX,B,18.462,-111.6749,2.805726,2.564695,0.040379,118.7,57,FALSE,pink,landrace
VAV-0005,CHN,D,32.5478,105.0486,-1.442535,-2.408994,-0.485161,105.4,394,TRUE,white,landrace
VAV-0006,ETH,C,0.5388,34.7758,1.515111,-0.651053,0.458318,131.3,114,TRUE,pink,
VAV-0007,ETH,C,8.8244,35.1994,1.318317,-1.715935,0.712705,118.3,110,FALSE,purple,"seed bank, Córdoba"
VAV-0008,ESP,A,37.8515,8.3997,-1.798684,1.488288,1.460987,140.9,308,TRUE,white,collected in 1998
VAV-0009,PER,B,-7.2788,-78.3341,1.827865,1.203167,-1.130566,110.9,24,,purple,"seed bank, Córdoba"
VAV-0010,CHN,D,33.5194,97.64,-3.334062,-1.172291,-1.050846,89.9,170,TRUE,,cultivar
VAV-0011,ETH,C,4.3613,46.7857,1.495074,-0.525029,1.162367,152.8,119,TRUE,white,landrace
VAV-0012,ETH,C,17.2857,38.6599,2.057378,-1.14263,2.218021,117.5,283,TRUE,pink,
VAV-0013,CHN,D,34.8554,115.3436,-1.299513,-2.050129,0.235217,,115,TRUE,purple,"seed bank, Córdoba"
VAV-0014,CHN,D,31.2132,104.286,-1.2348,-3.026027,-1.220013,142.0,119,FALSE,pink,cultivar
VAV-0015,MEX,B,,,1.588387,3.378123,-0.200849,,356,FALSE,pink,landrace
VAV-0016,ESP,A,34.5556,-8.69,-2.541073,1.505099,1.41004,115.5,73,TRUE,pink,"seed bank, Córdoba"
VAV-0017,MEX,B,27.7663,-104.1152,1.926577,3.052527,-0.449195,100.6,308,TRUE,pink,
VAV-0018,PER,B,-6.6405,-77.0067,1.651819,1.662083,-1.61506,89.3,91,TRUE,purple,cultivar
VAV-0019,MEX,B,27.3683,-99.8898,1.606158,2.467345,-0.445125,105.5,171,TRUE,white,
VAV-0020,MEX,B,21.3514,-108.8984,1.80857,2.29689,-0.35014,91.8,393,TRUE,pink,cultivar
VAV-0021,PER,,-10.9468,-75.7893,-0.353619,1.108578,-1.818615,137.7,4,TRUE,purple,"seed bank, Córdoba"
VAV-0022,ETH,C,8.3697,36.6161,3.689391,-2.841926,-0.024008,129.2,179,TRUE,white,landrace
VAV-0023,ETH,C,6.3472,38.9177,2.072063,-1.853824,1.197906,111.0,191,TRUE,purple,collected in 1998
VAV-0024,ESP,A,37.914,2.8224,-1.831939,1.372341,1.745256,100.0,11,TRUE,white,collected in 1998
VAV-0025,PER,C,-2.9438,-83.3756,1.847025,-1.116657,0.855475,91.9,121,TRUE,purple,"seed bank, Córdoba"
VAV-0026,PER,B,-4.1872,-70.1708,0.776112,1.55748,-0.132809,142.8,267,,purple,"seed bank, Córdoba"
VAV-0027,CHN,A,32.6973,112.8691,-3.505572,1.280248,0.591331,144.5,327,TRUE,pink,collected in 1998
VAV-0028,ETH,C,8.9066,41.0431,1.283607,-2.032228,1.877585,106.7,264,TRUE,,
VAV-0029,ETH,C,9.9189,45.4972,2.047552,-1.263877,0.443848,102.3,371,TRUE,purple,landrace
VAV-0030,IND,D,23.2021,73.4853,-1.675499,-2.30582,-0.079305,135.3,145,TRUE,pink,cultivar
VAV-0031,CHN,D,36.0602,111.2615,-0.95945,-1.396183,-0.501374,101.9,190,FALSE,white,"seed bank, Córdoba"
VAV-0032,CHN,,29.734,108.5194,-1.337792,-2.935892,-0.890689,117.1,306,FALSE,white,cultivar
VAV-0033,IND,D,20.3177,89.1053,-1.320944,-2.158139,-0.925697,87.7,,TRUE,white,
VAV-0034,CHN,C,33.7611,90.3363,1.086295,-1.423757,0.83789,93.1,250,TRUE,pink,cultivar
VAV-0035,IND,,19.345,80.5933,-0.926566,-2.763197,-1.402178,118.3,0,TRUE,white,cultivar
VAV-0036,MEX,B,12.3617,-98.0677,2.009633,1.637338,-1.674422,106.1,261,TRUE,white,"seed bank, Córdoba"
VAV-0037,PER,B,-13.2883,-81.9152,1.989127,2.033238,-1.626406,113.6,127,TRUE,purple,landrace
VAV-0038,PER,B,-6.3613,-73.1386,1.657158,3.100195,-2.494673,146.0,391,TRUE,white,collected in 1998
VAV-0039,PER,B,-7.5843,-67.461,1.626019,3.420936,-1.297986,108.5,197,TRUE,white,wild relative
VAV-0040,ESP,A,48.2734,-12.1845,-0.402454,0.621259,0.052198,91.8,29,TRUE,,landrace
VAV-0041,ETH,C,,,3.162997,-2.03837,0.718044,132.3,361,TRUE,white,"seed bank, Córdoba"
VAV-0042,PER,B,-16.9833,-85.2064,0.989374,2.132014,-1.113937,116.9,,,pink,wild relative
VAV-0043,ETH,C,10.3433,31.6694,1.687999,-2.652,0.336514,121.5,397,TRUE,white,wild relative
VAV-0044,CHN,D,42.9756,114.9102,-1.773294,-2.648847,-1.956221,115.9,,TRUE,pink,cultivar
VAV-0045,,C,,,3.256212,-1.945089,0.571129,117.0,282,TRUE,white,"seed bank, Córdoba"
VAV-0046,ESP,A,40.6571,-11.5328,-3.304256,-0.535891,1.433657,127.1,380,TRUE,pink,"seed bank, Córdoba"
VAV-0047,MEX,B,20.8966,-94.7731,1.262444,2.854622,-1.383012,114.2,382,TRUE,white,"seed bank, Córdoba"
VAV-0048,ESP,A,43.6185,-9.1927,-1.933291,0.676399,0.264267,94.7,258,TRUE,white,
VAV-0049,PER,,-10.9609,-79.5799,2.137651,-0.782496,-0.779262,128.1,165,FALSE,purple,collected in 1998
VAV-0050,CHN,B,34.8845,105.524,0.629028,1.381089,-1.099875,107.9,278,TRUE,pink,landrace
VAV-0051,ESP,A,41.488,3.1714,-2.184923,1.334542,-0.34326,109.0,307,FALSE,pink,collected in 1998
VAV-0052,PER,B,-10.3028,-80.2252,0.719979,2.420165,-0.800267,116.1,302,TRUE,white,
VAV-0053,PER,B,-8.8638,-76.3143,2.309353,2.420697,-0.83491,82.8,22,TRUE,pink,wild relative
VAV-0054,PER,,-9.9397,-76.8684,1.060045,2.881806,-0.820582,107.4,165,TRUE,white,"seed bank, Córdoba"
VAV-0055,IND,C,14.816,79.6543,1.670739,-1.19145,0.772922,137.5,120,TRUE,white,"seed bank, Córdoba"
VAV-0056,MEX,B,15.7915,-104.2321,0.784173,2.295108,-1.798179,113.5,254,TRUE,pink,collected in 1998
VAV-0057,ETH,C,15.4751,33.1312,1.910314,-1.750737,1.22858,129.5,108,FALSE,purple,"seed bank, Córdoba"
VAV-0058,CHN,D,32.5754,96.9464,-1.462547,-2.125601,-0.421702,111.5,159,FALSE,white,cultivar
VAV-0059,ETH,C,19.8816,37.9729,2.005647,-1.349243,1.979416,101.6,47,TRUE,white,"seed bank, Córdoba"
VAV-0060,IND,D,25.9537,73.8014,0.072173,-1.829654,-0.300688,91.5,312,TRUE,white,landrace
VAV-0061,IND,D,16.7098,87.3523,0.487441,-2.529775,-0.370154,,307,FALSE,pink,wild relative
VAV-0062,IND,D,15.7315,69.0691,-1.527611,-1.515822,-0.578786,109.5,346,TRUE,purple,"seed bank, Córdoba"
VAV-0063,ETH,D,13.8483,33.5684,-0.078686,-2.616305,-1.119491,114.6,327,TRUE,purple,landrace
VAV-0064,PER,B,-14.9903,-73.7806,1.267739,1.005099,-1.582519,97.3,46,TRUE,pink,wild relative
VAV-0065,ETH,C,10.327,52.6966,3.55646,-1.79458,1.962333,88.1,264,TRUE,white,wild relative
VAV-0066,MEX,B,25.412,-101.4173,2.697598,2.135362,-1.458977,62.8,,TRUE,white,landrace
VAV-0067,IND,D,18.5946,78.9896,-1.404874,-0.873562,0.011973,121.9,39,FALSE,pink,landrace
VAV-0068,IND,B,20.05,82.7037,0.314217,1.007382,-0.498052,142.4,76,TRUE,purple,"seed bank, Córdoba"
VAV-0069,MEX,B,29.0285,-99.0665,0.697413,2.211549,-2.82078,90.9,19,TRUE,purple,"seed bank, Córdoba"
VAV-0070,IND,D,18.5973,84.3644,-0.600383,-2.627487,-0.704709,65.5,90,TRUE,pink,wild relative
VAV-0071,ESP,A,37.9753,-12.3132,-1.374435,-0.994621,1.80023,92.9,174,FALSE,purple,collected in 1998
VAV-0072,CHN,D,39.3678,109.9654,-1.151922,-2.202626,-0.215807,117.8,55,TRUE,purple,
VAV-0073,ESP,A,34.3579,-12.5251,-1.608056,0.68191,0.211767,96.9,312,TRUE,purple,cultivar
VAV-0074,CHN,D,42.9044,106.15,-1.962514,-2.195956,0.790672,89.5,119,TRUE,white,
VAV-0075,ESP,C,46.176,1.9237,1.903098,-3.13094,1.230437,77.3,110,TRUE,pink,landrace
VAV-0076,ESP,A,37.7379,-1.6557,-1.101575,1.008539,0.988673,133.2,35,TRUE,white,collected in 1998
VAV-0077,IND,B,22.9104,71.4773,1.134671,0.609715,-0.394661,122.1,123,TRUE,purple,wild relative
VAV-0078,CHN,D,37.3997,105.8121,0.829085,-2.070908,-0.757767,,183,TRUE,pink,"seed bank, Córdoba"
VAV-0079,ESP,A,46.3327,-1.6861,-1.609907,0.922452,-0.422397,113.9,169,FALSE,purple,wild relative
VAV-0080,MEX,B,18.4402,-101.6883,2.123259,1.703286,-1.23445,122.2,248,TRUE,white,"seed bank, Córdoba"
VAV-0081,MEX,B,22.7527,-103.2303,2.333077,1.172313,-1.749446,131.8,220,TRUE,white,collected in 1998
VAV-0082,IND,,22.0574,80.7662,-1.380074,-1.703277,-0.985116,119.8,226,TRUE,pink,wild relative
VAV-0083,PER,B,-17.2255,-70.1035,2.467484,1.734324,-1.288975,93.2,195,TRUE,pink,wild relative
VAV-0084,CHN,,35.8205,106.6774,-1.008655,-0.680504,-0.69066,79.2,157,TRUE,white,landrace
VAV-0085,ESP,C,39.5744,-0.6455,0.730224,-1.552383,1.053886,93.7,195,TRUE,purple,landrace
VAV-0086,MEX,B,14.6147,-100.1206,2.243998,3.592326,-0.834738,76.3,264,TRUE,white,wild relative
VAV-0087,ESP,A,40.4865,1.113,-1.615761,0.458069,0.584993,115.7,114,TRUE,white,cultivar
VAV-0088,CHN,D,29.5528,108.072,-2.449572,-0.998309,-0.304146,109.3,399,TRUE,pink,wild relative
VAV-0089,PER,B,-9.3986,-79.7485,1.418851,2.985156,-1.087433,125.3,228,TRUE,white,collected in 1998
VAV-0090,ESP,A,37.8654,-3.206,-1.434654,1.651632,1.367205,125.1,160,TRUE,pink,cultivar
VAV-0091,IND,D,18.3119,74.721,-0.840059,-1.958739,-1.787819,121.0,,TRUE,purple,wild relative
VAV-0092,,C,19.7371,38.0811,1.689098,-2.187967,2.302928,97.5,166,TRUE,purple,collected in 1998
VAV-0093,ETH,C,8.8294,37.0574,3.010297,-1.641303,1.243029,119.7,67,TRUE,white,landrace
VAV-0094,ETH,C,9.3147,39.6881,2.684044,-0.448745,1.529188,155.1,28,TRUE,,
VAV-0095,ETH,C,7.4496,38.8243,2.467564,-1.129193,0.304732,76.6,267,TRUE,purple,cultivar
VAV-0096,ESP,A,,,-1.929591,1.079199,0.421062,80.4,215,TRUE,purple,collected in 1998
VAV-0097,ETH,,9.6507,42.8489,1.327678,-1.365352,0.579008,109.3,353,TRUE,white,collected in 1998
VAV-0098,ETH,C,16.715,47.6463,2.503709,-1.053285,1.197058,122.5,101,TRUE,white,landrace
VAV-0099,MEX,D,20.6382,-94.223,-1.842028,-1.724093,-2.126855,137.0,318,TRUE,white,wild relative
VAV-0100,PER,B,-7.958,-84.8003,1.638853,2.759323,-0.884051,70.1,3,TRUE,pink,
VAV-0101,ETH,C,14.5832,38.9811,2.192827,-1.165791,0.035326,117.2,292,TRUE,,collected in 1998
VAV-0102,ESP,A,43.3997,-6.1049,-2.366835,2.039473,1.965124,137.4,187,TRUE,white,
VAV-0103,ESP,A,40.9113,-2.2012,-0.443003,1.423446,0.635107,110.8,78,TRUE,purple,"seed bank, Córdoba"
VAV-0104,MEX,B,17.1439,-103.9981,0.943899,2.819852,-1.431928,104.5,88,TRUE,pink,collected in 1998
VAV-0105,ESP,C,43.0384,-5.0331,4.169642,-2.810626,0.43588,,253,TRUE,white,"seed bank, Córdoba"
VAV-0106,IND,D,24.545,83.6985,-0.790388,-2.108206,-1.135326,88.6,388,FALSE,pink,"seed bank, Córdoba"
VAV-0107,CHN,D,33.7437,114.0907,-1.924635,-2.618665,-0.504275,71.2,28,TRUE,purple,collected in 1998
VAV-0108,,B,-1.4736,-81.8979,1.604264,1.251046,-0.672548,,268,TRUE,purple,collected in 1998
VAV-0109,PER,B,-11.7706,-75.0302,0.094978,3.0072,0.358475,158.6,205,FALSE,white,landrace
VAV-0110,ESP,A,36.6223,-6.1982,-1.171984,0.799572,-1.022587,137.8,82,TRUE,pink,wild relative
VAV-0111,ETH,C,2.6288,33.0167,1.593823,-0.523189,0.390853,114.4,,TRUE,pink,cultivar
VAV-0112,PER,B,-10.2307,-89.4127,1.117682,0.5411,-2.154935,124.7,23,TRUE,purple,cultivar
VAV-0113,MEX,B,26.9562,-103.7705,1.692573,2.456437,-0.951091,115.4,222,TRUE,purple,cultivar
VAV-0114,PER,C,-12.0749,-77.6018,3.372044,-0.201646,0.047552,136.7,103,TRUE,white,
VAV-0115,IND,C,23.9728,77.5031,2.759404,-0.59531,1.48689,132.9,200,TRUE,pink,"seed bank, Córdoba"
VAV-0116,ETH,C,10.9529,45.357,2.450874,-2.05394,0.080984,114.6,371,TRUE,purple,collected in 1998
VAV-0117,ESP,A,34.3585,1.193,-2.519473,0.026918,-0.603185,128.8,175,TRUE,purple,collected in 1998
VAV-0118,MEX,B,26.5787,-92.7419,1.855458,3.057937,-1.618417,103.6,16,TRUE,white,"seed bank, Córdoba"
VAV-0119,IND,D,19.7953,90.9121,-1.428692,-1.482883,-1.352499,95.9,290,TRUE,purple,cultivar
VAV-0120,MEX,B,28.3831,-101.9084,0.695734,1.969805,0.438711,118.2,91,FALSE,purple,collected in 1998
VAV-0121,PER,B,-3.5344,-76.3741,1.421923,2.910833,-0.620644,123.2,,FALSE,purple,landrace
VAV-0122,ETH,C,2.9112,34.2467,2.208498,-1.957615,0.639816,96.4,5,TRUE,white,collected in 1998
VAV-0123,PER,B,-10.465,-89.965,2.446817,3.50923,-0.969143,149.1,399,TRUE,,collected in 1998
VAV-0124,MEX,B,23.6527,-90.2725,2.340808,1.942521,-1.993161,128.3,148,TRUE,white,cultivar
VAV-0125,ESP,C,37.3981,2.0171,1.527602,-1.146475,1.835084,120.9,50,TRUE,white,
VAV-0126,ESP,A,40.2439,-1.5482,-0.636448,0.995002,-0.09259,68.2,200,TRUE,white,collected in 1998
VAV-0127,CHN,D,35.4074,84.8406,-2.910281,-1.82635,-0.423705,113.3,176,TRUE,pink,wild relative
VAV-0128,ETH,C,12.5836,50.3042,1.81665,-1.493444,1.46814,98.7,317,TRUE,pink,cultivar
VAV-0129,ESP,A,38.9563,5.3265,-2.026202,0.332942,0.228562,112.8,49,TRUE,purple,cultivar
VAV-0130,PER,B,-11.3709,-69.0308,0.538145,1.351776,-0.90566,96.6,291,TRUE,white,"seed bank, Córdoba"
VAV-0131,PER,B,-8.9716,-81.3353,0.720269,1.929215,-2.807594,109.9,374,TRUE,white,wild relative
VAV-0132,ESP,A,30.8577,2.3708,-1.201542,0.59762,0.128243,136.1,281,TRUE,purple,collected in 1998
VAV-0133,CHN,D,36.1472,95.4915,-0.468893,-0.758728,-0.749911,96.6,,FALSE,pink,"seed bank, Córdoba"
VAV-0134,ETH,B,10.0469,39.9812,1.462341,2.035269,-0.513395,83.3,217,FALSE,pink,wild relative
VAV-0135,ESP,D,,,-1.174999,-1.941933,-0.266949,,268,TRUE,purple,
VAV-0136,ESP,C,34.3929,-10.4483,2.946077,-1.134994,2.582833,,259,TRUE,white,landrace
VAV-0137,ETH,,0.403,31.2801,2.114394,-1.129201,0.549883,150.2,51,TRUE,pink,wild relative
VAV-0138,CHN,D,39.7594,101.98,-1.45076,-1.488002,-0.986109,113.4,205,TRUE,purple,collected in 1998
VAV-0139,PER,B,-8.0053,-79.7695,1.965905,0.527826,0.267474,107.0,332,TRUE,purple,collected in 1998
VAV-0140,IND,D,16.5711,74.671,-1.107522,-2.723274,-0.143226,78.1,,TRUE,purple,
VAV-0141,ETH,C,2.7999,40.9311,1.468879,-1.492144,0.901194,94.2,279,TRUE,white,"seed bank, Córdoba"
VAV-0142,MEX,B,21.8284,-102.1968,1.675974,2.172969,-1.453973,122.3,104,TRUE,purple,landrace
VAV-0143,PER,B,-8.815,-77.1194,1.261597,0.826906,-2.447407,74.9,32,TRUE,purple,cultivar
VAV-0144,CHN,A,37.1476,106.9611,-1.266698,1.180809,-0.356456,92.4,343,TRUE,purple,cultivar
VAV-0145,ESP,A,31.9668,-5.9596,-2.424735,1.016465,-0.154198,153.9,158,TRUE,white,landrace
VAV-0146,ESP,A,39.4665,-5.2193,-0.786576,0.428749,1.012927,67.6,155,TRUE,pink,landrace
VAV-0147,IND,,22.8623,78.7467,-0.925757,-1.998405,-0.753104,121.0,80,FALSE,white,wild relative
VAV-0148,IND,D,20.6715,91.944,-1.005935,-2.166876,1.297829,116.1,199,TRUE,purple,landrace
VAV-0149,ETH,C,5.2509,52.5531,2.49787,-1.165191,1.146279,105.4,29,TRUE,purple,cultivar
VAV-0150,ETH,C,11.9507,40.6575,2.41479,-3.505621,0.009881,118.3,213,TRUE,pink,wild relative
VAV-0151,PER,B,-11.8579,-81.0013,2.619938,2.608088,-2.038307,122.9,230,TRUE,white,
VAV-0152,MEX,B,28.3688,-114.1294,1.001229,2.506617,-1.692589,73.1,286,,white,wild relative
VAV-0153,IND,A,,,-1.50696,0.668456,0.623182,89.1,22,TRUE,purple,cultivar
VAV-0154,IND,D,21.7307,86.6472,-0.219794,-2.038638,-1.029973,119.0,134,TRUE,pink,wild relative
VAV-0155,MEX,B,23.6008,-99.8065,1.003856,1.604956,-0.378382,113.7,397,,white,landrace
VAV-0156,ESP,A,33.9226,-10.3354,-1.888111,0.590537,0.476458,104.3,232,TRUE,pink,collected in 1998
VAV-0157,CHN,D,26.372,102.8219,-2.531871,-0.637194,-1.003889,84.6,74,FALSE,pink,landrace
VAV-0158,ETH,B,12.232,29.8592,1.261443,1.351523,0.412137,123.0,366,TRUE,pink,collected in 1998
VAV-0159,ETH,C,11.0245,50.5176,2.551368,-0.110506,-0.189308,88.6,343,TRUE,purple,"seed bank, Córdoba"
VAV-0160,CHN,D,34.7751,91.8655,-1.44242,-0.189949,0.572232,107.3,259,TRUE,purple,landrace
VAV-0161,IND,,25.4177,76.8051,-1.631226,-2.4895,-0.25252,134.2,329,TRUE,pink,landrace
VAV-0162,CHN,C,31.1632,113.9989,2.690298,-1.290598,1.406448,114.0,265,TRUE,pink,
VAV-0163,ETH,C,9.8631,36.1907,2.931586,-0.087448,1.48441,119.5,290,TRUE,pink,"seed bank, Córdoba"
VAV-0164,IND,D,16.6737,72.0835,-0.160161,-1.702337,-0.307217,,91,FALSE,white,landrace
VAV-0165,CHN,D,36.6641,97.4749,-1.456419,-1.992217,0.813979,97.5,104,TRUE,white,landrace
VAV-0166,ESP,A,44.0732,-0.8986,-1.013643,0.973258,0.427714,130.5,135,TRUE,pink,"seed bank, Córdoba"
VAV-0167,ESP,C,43.7771,2.1792,1.863124,-0.878421,1.490469,117.1,209,TRUE,purple,cultivar
VAV-0168,ETH,C,,,0.725383,-2.188235,1.154403,140.0,205,TRUE,purple,
VAV-0169,CHN,D,44.9251,99.4404,-0.136974,-2.774209,-0.065972,118.5,269,TRUE,white,landrace
VAV-0170,CHN,D,37.378,106.5411,-1.076143,-3.147738,0.084033,102.8,228,TRUE,pink,wild relative
VAV-0171,MEX,B,23.8594,-103.3569,1.806793,2.624676,0.274052,140.1,336,TRUE,white,landrace
VAV-0172,PER,B,-11.6397,-81.6049,2.397028,3.123468,-0.584421,116.8,,FALSE,purple,landrace
VAV-0173,ETH,C,8.266,40.7431,2.982877,-1.191225,1.004163,102.2,117,TRUE,pink,wild relative
VAV-0174,CHN,D,31.3712,104.5853,-0.367297,-3.021797,0.014026,108.8,266,TRUE,pink,cultivar
VAV-0175,CHN,D,35.1219,100.2715,-1.498455,-1.623958,-0.892551,91.3,19,FALSE,pink,collected in 1998
VAV-0176,PER,B,-14.3452,-75.0575,1.045423,1.978153,-1.920503,114.1,255,TRUE,purple,collected in 1998
VAV-0177,ETH,C,3.7105,25.638,2.068934,-2.162367,0.957461,,,TRUE,white,collected in 1998
VAV-0178,ETH,C,16.425,38.885,2.263387,-2.020622,1.303892,126.4,192,TRUE,white,
VAV-0179,,A,34.3334,-12.8674,-2.706443,1.620516,0.503096,106.7,255,TRUE,purple,cultivar
VAV-0180,ESP,,42.6762,5.9484,-2.487639,1.104485,0.424899,110.8,213,TRUE,white,cultivar
VAV-0181,ESP,A,39.9719,5.551,-1.812961,0.367062,-0.044812,90.0,197,TRUE,white,"seed bank, Córdoba"
VAV-0182,ETH,C,9.7185,44.8421,1.209035,-1.351278,1.358439,109.2,286,TRUE,purple,wild relative
VAV-0183,ETH,C,8.5257,33.3683,2.058735,-1.727693,0.991283,117.2,288,TRUE,white,cultivar
VAV-0184,PER,B,-5.5446,-77.3244,2.217511,1.711527,-0.856092,105.7,346,TRUE,purple,landrace
VAV-0185,PER,B,-5.1424,-73.0881,0.227972,1.069676,-2.066587,99.2,112,TRUE,pink,landrace
VAV-0186,IND,D,20.9103,78.1206,-2.089756,-2.164296,-1.367177,136.8,366,TRUE,purple,"seed bank, Córdoba"
VAV-0187,ESP,A,,,-2.027694,0.836478,0.474449,95.9,73,TRUE,pink,wild relative
VAV-0188,IND,D,18.6147,75.8097,-1.134271,-2.679919,-0.732685,95.6,23,TRUE,purple,"seed bank, Córdoba"
VAV-0189,ETH,C,11.3922,36.5476,2.766802,-0.160195,0.362212,99.5,,FALSE,white,
VAV-0190,IND,,28.1972,82.8445,-0.093269,-1.444394,-1.265696,107.4,271,FALSE,white,wild relative
VAV-0191,CHN,D,32.2648,111.4131,-1.115378,-2.377494,0.010733,,183,TRUE,purple,landrace
VAV-0192,IND,D,25.7681,75.3485,-0.482173,-0.886095,-0.241876,104.7,19,TRUE,purple,
VAV-0193,CHN,D,32.419,95.5846,-0.960976,-2.697538,0.42842,96.4,63,,purple,cultivar
VAV-0194,CHN,D,43.0083,104.363,-0.877191,-0.841208,-0.503058,142.2,189,TRUE,purple,collected in 1998
VAV-0195,IND,A,20.1083,81.6741,-2.036303,0.998724,0.734045,125.6,234,TRUE,purple,cultivar
VAV-0196,ETH,C,9.657,41.6209,0.580598,-1.021604,1.473091,122.2,358,FALSE,pink,"seed bank, Córdoba"
VAV-0197,CHN,D,35.922,98.5765,-1.550646,-1.563534,-0.779985,98.0,30,TRUE,pink,wild relative
VAV-0198,PER,B,-15.2623,-67.6171,2.179692,1.344201,-1.335008,91.0,325,TRUE,purple,"seed bank, Córdoba"
VAV-0199,IND,D,,,-0.953614,-1.819724,-0.175805,104.8,319,TRUE,pink,landrace
VAV-0200,ETH,C,9.4936,27.3949,1.661761,-1.485524,0.729111,105.9,248,TRUE,pink,wild relative
VAV-0201,ESP,A,38.2679,0.1095,-1.920694,1.416022,0.158036,112.4,53,TRUE,pink,cultivar
VAV-0202,CHN,D,,,-1.097524,-3.517061,-0.288596,133.8,,TRUE,pink,landrace
VAV-0203,ETH,C,15.9472,32.9414,0.800329,-1.161617,0.655394,69.0,108,FALSE,purple,wild relative
VAV-0204,ESP,A,45.5235,3.6236,-2.42261,0.654646,0.230817,103.6,275,TRUE,purple,cultivar
VAV-0205,PER,B,-8.2793,-80.8189,0.961917,1.324599,-1.259182,108.1,211,FALSE,purple,"seed bank, Córdoba"
VAV-0206,CHN,D,30.9899,100.1498,-1.932904,-1.628324,-0.635987,108.6,168,TRUE,pink,"seed bank, Córdoba"
VAV-0207,PER,,-7.9528,-59.4453,0.31458,3.380918,-1.152209,108.8,265,TRUE,pink,wild relative
VAV-0208,PER,B,-13.1678,-76.1681,2.035464,3.900606,-1.485313,118.2,221,TRUE,pink,landrace
VAV-0209,IND,A,17.3841,70.5701,-2.452987,1.058226,-0.405552,134.7,85,TRUE,pink,wild relative
VAV-0210,CHN,B,36.4602,103.6415,2.114096,1.985368,-1.135728,81.6,50,TRUE,purple,cultivar
VAV-0211,CHN,C,31.1518,100.612,3.171067,-2.109365,1.921842,157.4,271,,white,"seed bank, Córdoba"
VAV-0212,PER,B,-13.3809,-89.1958,1.85941,2.534185,-0.441574,59.3,377,TRUE,pink,landrace
VAV-0213,MEX,B,25.2981,-104.9782,1.392957,2.816006,-2.155535,121.2,,FALSE,white,landrace
VAV-0214,ESP,A,40.7311,-1.604,-1.240306,1.476199,0.786785,,306,,pink,cultivar
VAV-0215,ETH,C,11.3358,45.647,1.715997,-2.624267,0.531807,106.9,327,TRUE,white,"seed bank, Córdoba"
VAV-0216,ETH,A,12.9745,41.2911,-2.599345,0.262225,0.47221,112.9,24,TRUE,white,collected in 1998
VAV-0217,CHN,D,35.8958,101.4618,-0.005314,-1.087264,0.238363,109.9,201,TRUE,white,landrace
VAV-0218,PER,B,-12.2135,-73.2564,1.383309,0.918401,-1.793597,128.4,345,FALSE,white,cultivar
VAV-0219,IND,D,16.8788,72.962,-1.12156,-2.360134,-0.808734,83.7,138,TRUE,white,landrace
VAV-0220,PER,B,-10.953,-68.8856,1.90259,1.685135,-1.742084,79.3,306,,purple,cultivar
VAV-0221,CHN,B,34.5942,89.918,1.934677,2.460165,-1.301735,97.4,112,TRUE,purple,"seed bank, Córdoba"
VAV-0222,ESP,,46.5573,2.5741,-1.82074,1.637027,-0.409304,126.6,120,,purple,cultivar
VAV-0223,MEX,B,20.7418,-93.7532,2.69317,1.749305,-0.186807,128.4,175,TRUE,pink,"seed bank, Córdoba"
VAV-0224,ESP,A,39.9328,-7.2558,-3.035526,1.378606,-0.36267,100.3,185,TRUE,pink,landrace
VAV-0225,CHN,D,,,-1.113655,-3.028089,-0.239261,119.0,350,TRUE,purple,"seed bank, Córdoba"
VAV-0226,CHN,D,32.5557,109.7737,-1.091826,-1.570925,0.271465,103.0,240,TRUE,pink,landrace
VAV-0227,ETH,C,5.2931,45.5282,0.256694,-0.694826,1.004801,118.5,143,TRUE,purple,
VAV-0228,ETH,C,14.9929,30.3457,2.508416,-1.795536,0.578076,98.9,363,TRUE,white,wild relative
VAV-0229,MEX,B,22.7899,-99.811,1.448026,3.062872,-0.854071,,41,TRUE,pink,cultivar
VAV-0230,MEX,B,18.6878,-99.1455,1.451369,1.92574,-0.39861,114.1,62,TRUE,pink,"seed bank, Córdoba"
VAV-0231,PER,B,-11.7926,-61.6715,1.061101,2.215484,-1.713059,,245,FALSE,pink,"seed bank, Córdoba"
VAV-0232,ESP,A,,,-2.870564,0.949612,1.381702,126.8,19,TRUE,pink,landrace
VAV-0233,ETH,C,11.9266,27.715,1.047532,-2.331397,-0.045767,83.2,174,TRUE,white,landrace
VAV-0234,MEX,B,18.8562,-98.5137,2.417737,2.328454,-0.749317,113.7,376,TRUE,pink,landrace
VAV-0235,ESP,A,44.7306,0.5402,-1.419736,0.553405,0.672472,110.7,279,TRUE,purple,collected in 1998
VAV-0236,ESP,A,41.7178,4.6829,-1.583178,0.848007,1.253663,132.1,25,TRUE,pink,landrace
VAV-0237,ETH,D,8.1458,46.6807,-1.243388,-0.628927,-0.977433,104.8,243,TRUE,pink,landrace
VAV-0238,CHN,D,29.9836,98.3171,-0.289947,-1.305565,-0.634836,131.2,293,FALSE,pink,collected in 1998
VAV-0239,,B,21.0672,-109.2822,1.356965,1.805816,-0.84052,121.3,352,FALSE,white,collected in 1998
VAV-0240,ESP,A,37.7071,0.05,-1.748451,1.662436,0.884564,102.5,237,FALSE,white,wild relative
VAV-0241,ESP,A,41.0785,-3.0761,-3.109922,0.397556,0.493632,139.2,187,TRUE,white,landrace
VAV-0242,CHN,D,39.4581,93.9823,-0.454265,-1.160945,-0.279021,87.8,234,TRUE,purple,cultivar
VAV-0243,MEX,B,22.3934,-94.9945,2.037076,2.60176,-1.548679,122.1,157,TRUE,white,"seed bank, Córdoba"
VAV-0244,MEX,B,27.5906,-104.0464,1.978914,0.904761,-0.178632,108.5,322,,white,wild relative
VAV-0245,PER,,-12.391,-75.2675,0.446957,2.176873,-0.504172,87.1,395,TRUE,purple,
VAV-0246,PER,B,,,1.899168,1.36012,-1.163225,126.6,224,FALSE,,landrace
VAV-0247,CHN,D,36.585,107.1399,-1.088571,-2.342987,0.17903,93.0,3,TRUE,white,landrace
VAV-0248,MEX,B,22.8747,-96.1405,1.622268,2.78215,-1.450076,91.4,70,TRUE,purple,wild relative
VAV-0249,ESP,A,37.6281,-12.0881,-2.792039,1.025615,-0.030022,89.4,144,TRUE,white,cultivar
VAV-0250,PER,B,-10.7265,-80.0043,1.614277,2.095936,-0.652178,125.7,2,TRUE,white,landrace
VAV-0251,CHN,,46.5659,105.9397,-0.10765,-1.640972,-1.340798,113.7,100,FALSE,pink,cultivar
VAV-0252,MEX,B,21.3563,-95.1137,2.150245,1.505293,-0.662911,94.1,337,FALSE,pink,"seed bank, Córdoba"
VAV-0253,IND,D,26.41,83.1088,-1.085785,-1.872308,-0.680377,91.4,218,FALSE,pink,landrace
VAV-0254,CHN,D,31.3347,98.3788,-1.613259,-2.267347,0.144051,133.0,355,TRUE,white,cultivar
VAV-0255,ETH,C,12.2572,35.9083,2.34281,-1.751157,1.814576,88.8,262,TRUE,white,wild relative
VAV-0256,IND,D,26.7928,73.042,-0.614714,-0.687416,0.104347,90.3,291,TRUE,white,"seed bank, Córdoba"
VAV-0257,CHN,D,35.9502,103.1608,-0.677627,-0.731258,-1.972613,92.8,190,TRUE,white,collected in 1998
VAV-0258,MEX,B,17.8196,-99.0605,1.617825,1.314796,-2.38379,114.6,56,FALSE,pink,"seed bank, Córdoba"
VAV-0259,IND,D,15.2977,81.0888,-0.855101,-1.658756,-1.344072,80.9,68,TRUE,pink,landrace
VAV-0260,PER,B,-7.2138,-75.6287,0.950523,2.986275,-0.855279,84.8,101,FALSE,white,cultivar
VAV-0261,IND,D,26.4286,72.066,-0.535839,-3.899479,-0.163256,137.1,286,TRUE,pink,wild relative
VAV-0262,CHN,D,35.7717,100.1226,-2.805581,-1.520143,0.740187,130.1,230,TRUE,white,wild relative
VAV-0263,ESP,C,39.382,3.6342,2.585547,-0.851319,0.323289,144.5,296,FALSE,white,wild relative
VAV-0264,ESP,A,,,-2.137335,1.500845,0.204248,141.9,390,FALSE,pink,landrace
VAV-0265,IND,D,24.4826,80.3824,-1.886482,-1.73598,-0.635142,88.0,122,TRUE,purple,collected in 1998
VAV-0266,ESP,A,43.7322,5.7045,-1.95471,2.181199,0.018575,128.5,379,TRUE,white,wild relative
VAV-0267,ESP,A,38.7715,-0.9581,-1.045831,0.74743,0.247294,81.7,25,FALSE,pink,wild relative
VAV-0268,CHN,D,34.3158,94.2621,0.556274,-3.815682,-0.968584,112.9,,TRUE,white,wild relative
VAV-0269,CHN,D,37.879,102.9843,-1.0017,-1.661339,-0.944605,136.3,18,TRUE,purple,collected in 1998
VAV-0270,ESP,A,35.0332,2.9578,-0.848333,1.750629,0.364511,138.3,,TRUE,,cultivar
VAV-0271,IND,,21.7078,83.968,-1.78981,-2.055777,-0.807996,110.5,210,TRUE,pink,cultivar
VAV-0272,PER,B,-8.7009,-70.8592,1.539529,2.314988,-1.161375,120.0,304,TRUE,purple,collected in 1998
VAV-0273,IND,D,24.5913,82.0785,0.214352,-1.98202,0.419104,89.6,336,TRUE,purple,wild relative
VAV-0274,MEX,B,28.7047,-99.1731,0.356923,0.875205,-1.223569,111.9,302,FALSE,pink,collected in 1998
VAV-0275,ESP,D,43.8708,-9.3182,-1.633344,-2.784102,-0.204867,84.4,126,TRUE,pink,collected in 1998
VAV-0276,IND,,26.2584,83.4725,-0.924724,-0.336089,-0.617163,129.0,133,TRUE,purple,collected in 1998
VAV-0277,IND,B,17.3506,80.952,1.332263,2.233385,-1.057134,103.9,39,TRUE,pink,wild relative
VAV-0278,CHN,D,,,0.006952,-3.723969,-0.718988,106.1,221,TRUE,purple,wild relative
VAV-0279,PER,B,-10.1884,-63.112,0.939757,1.672331,-2.181476,84.3,295,TRUE,white,landrace
VAV-0280,ETH,,6.9161,27.4079,0.849142,-1.525276,0.896781,117.3,,TRUE,purple,collected in 1998
VAV-0281,MEX,B,25.3381,-94.7647,2.143162,2.020206,-1.533638,105.5,127,TRUE,,cultivar
VAV-0282,ESP,A,41.7269,-2.0011,-2.895107,0.694081,-0.453459,131.9,35,TRUE,white,cultivar
VAV-0283,CHN,D,33.6812,97.3271,-0.119925,-2.122814,-0.133729,99.0,128,TRUE,pink,wild relative
VAV-0284,PER,B,-8.096,-80.2039,1.001074,1.88578,-0.486598,108.0,275,TRUE,pink,collected in 1998
VAV-0285,PER,A,-13.7037,-77.1096,-1.416953,0.785746,0.000215,121.5,316,TRUE,pink,wild relative
VAV-0286,IND,D,23.0593,65.5343,-0.676013,-1.99698,-1.502379,94.8,256,TRUE,pink,"seed bank, Córdoba"
VAV-0287,ESP,A,47.403,-5.3967,-1.612444,1.522243,0.704048,132.1,30,TRUE,pink,
VAV-0288,MEX,B,23.9065,-95.1188,1.632339,3.545263,-0.785938,128.9,173,TRUE,pink,landrace
VAV-0289,ESP,A,36.8151,-14.0626,-2.530409,2.402696,2.175999,115.5,323,TRUE,purple,cultivar
VAV-0290,IND,D,22.9462,81.7797,-1.116333,-1.293107,-0.093863,108.7,79,,pink,landrace
VAV-0291,MEX,B,22.2765,-105.3748,1.308201,2.003005,-0.56051,91.6,16,FALSE,purple,"seed bank, Córdoba"
VAV-0292,PER,B,-20.0006,-71.5213,2.967171,3.796075,-2.279048,87.2,318,TRUE,pink,"seed bank, Córdoba"
VAV-0293,ETH,C,11.3512,46.2956,2.092282,-1.757568,-0.503284,127.3,360,FALSE,pink,landrace
VAV-0294,MEX,,21.8776,-102.1426,1.546794,1.634733,-1.899465,129.5,34,FALSE,white,landrace
VAV-0295,ESP,A,35.0429,4.747,-2.221765,1.05656,0.139322,119.0,90,,white,wild relative
VAV-0296,ESP,A,42.9925,-14.8068,-1.54448,1.045765,-0.239925,139.0,367,TRUE,white,cultivar
VAV-0297,ESP,A,34.5348,1.3143,-2.442384,2.079196,-0.172001,104.8,22,TRUE,white,landrace
VAV-0298,PER,A,-19.1335,-88.9771,-1.964241,-0.325547,-0.451332,128.0,375,TRUE,white,collected in 1998
VAV-0299,ESP,A,34.9401,2.8496,-2.100468,0.59757,0.291062,100.1,233,TRUE,white,cultivar
VAV-0300,ETH,C,7.995,38.3763,1.759024,-0.693817,0.301838,90.9,314,TRUE,pink,"seed bank, Córdoba"
VAV-0301,CHN,D,,,-0.556026,-1.670663,-0.834196,127.4,280,TRUE,,landrace
VAV-0302,CHN,D,,,-2.138074,-1.579532,0.564408,86.8,314,TRUE,white,"seed bank, Córdoba"
VAV-0303,CHN,,30.4702,100.1821,-0.623474,-2.91097,-0.993735,90.6,264,FALSE,purple,"seed bank, Córdoba"
VAV-0304,MEX,B,20.258,-104.2394,1.942842,2.321895,-0.421513,93.8,381,TRUE,white,"seed bank, Córdoba"
VAV-0305,MEX,B,21.2691,-98.602,0.575515,0.811889,-1.474203,117.3,20,FALSE,purple,wild relative
VAV-0306,PER,B,-9.8623,-71.5077,0.978887,1.830468,-0.91937,129.6,293,TRUE,,landrace
VAV-0307,ESP,,41.0597,5.0531,1.179273,1.653005,-1.766875,95.4,368,TRUE,white,wild relative
VAV-0308,ESP,,43.8576,0.1294,-2.417566,2.337822,0.465869,137.2,31,TRUE,purple,collected in 1998
VAV-0309,MEX,B,15.5599,-100.3551,1.629292,1.484005,-0.798649,95.0,243,TRUE,pink,collected in 1998
VAV-0310,ESP,A,40.6767,-3.9264,-1.896284,0.850726,0.570116,122.0,318,TRUE,white,collected in 1998
VAV-0311,MEX,B,23.9146,-104.7658,0.343661,1.139283,0.029528,123.8,308,FALSE,purple,"seed bank, Córdoba"
VAV-0312,CHN,D,39.7285,103.4513,-0.924889,-2.052283,-0.328088,105.7,186,TRUE,purple,wild relative
VAV-0313,ETH,C,6.0327,42.5457,1.700575,-1.414025,1.647029,70.8,156,TRUE,white,collected in 1998
VAV-0314,PER,B,-8.1064,-70.5935,0.228588,2.298947,-0.945326,114.2,345,TRUE,white,landrace
VAV-0315,MEX,C,23.3002,-91.1506,1.263934,0.201572,1.611899,100.0,1,TRUE,pink,landrace
VAV-0316,ESP,A,39.1536,1.6789,-2.499293,0.02134,0.458218,117.7,218,TRUE,white,"seed bank, Córdoba"
VAV-0317,CHN,D,34.5209,99.8993,-1.370658,-2.072259,-0.873525,161.9,189,,white,
VAV-0318,ESP,A,45.6587,3.3504,-2.676724,0.711049,0.480667,89.6,108,TRUE,white,wild relative
VAV-0319,PER,B,-8.9729,-79.6949,2.068235,2.202707,-1.026407,107.3,141,TRUE,pink,collected in 1998
VAV-0320,CHN,,27.5403,108.3516,-1.422148,-2.397976,-0.781203,90.0,120,TRUE,pink,landrace
VAV-0321,CHN,,35.9422,94.932,-0.592132,-1.374634,-0.753501,91.3,298,FALSE,pink,cultivar
VAV-0322,CHN,B,29.7903,96.0331,2.843963,2.164751,-0.986736,112.2,321,FALSE,white,
VAV-0323,PER,B,-6.514,-73.7992,0.175973,1.867756,-1.631758,110.5,262,TRUE,purple,"seed bank, Córdoba"
VAV-0324,PER,B,-1.2514,-80.2572,0.942878,1.368194,-0.735869,88.1,280,TRUE,white,"seed bank, Córdoba"
VAV-0325,ETH,C,10.3005,45.6895,1.455125,-2.36231,1.51409,119.5,159,TRUE,purple,landrace
VAV-0326,IND,D,22.3827,78.9766,-0.751653,-1.662769,-0.564491,144.0,293,TRUE,white,cultivar
VAV-0327,MEX,B,24.6705,-106.7864,2.437074,2.123981,-1.733382,105.3,97,TRUE,,landrace
VAV-0328,PER,B,-11.3159,-64.4523,0.735031,1.116217,-2.331292,102.4,211,TRUE,white,landrace
VAV-0329,ETH,C,7.258,34.2203,2.598472,-1.260673,1.568445,103.6,344,FALSE,purple,landrace
VAV-0330,IND,D,21.935,87.0544,-1.10611,-2.25882,-1.788273,100.2,174,TRUE,white,landrace
VAV-0331,MEX,B,22.1833,-104.7492,1.893135,1.024495,-1.037193,145.3,138,FALSE,,cultivar
VAV-0332,MEX,B,15.1322,-93.1603,2.077334,2.068123,-1.484435,123.2,16,,pink,wild relative
VAV-0333,,B,-12.3908,-82.2027,0.699896,2.19749,-1.643976,85.9,207,TRUE,white,collected in 1998
VAV-0334,PER,B,-10.1886,-78.6067,1.42081,1.3398,-1.70718,115.9,243,TRUE,purple,collected in 1998
VAV-0335,ETH,D,10.6949,23.3576,-0.229959,-2.238565,-0.935895,95.2,314,TRUE,pink,
VAV-0336,MEX,B,24.2864,-101.0393,3.212596,1.199678,-0.414854,155.4,120,,purple,cultivar
VAV-0337,IND,D,27.2867,66.4478,-0.246936,-0.865952,0.592731,100.4,153,TRUE,pink,"seed bank, Córdoba"
VAV-0338,PER,C,-3.453,-72.0657,1.211434,-0.967504,0.853127,91.3,374,FALSE,purple,collected in 1998
VAV-0339,IND,D,17.0406,69.5255,-0.932645,-2.308631,-1.208004,95.2,377,TRUE,purple,collected in 1998
VAV-0340,PER,B,-13.6209,-75.4557,1.002925,2.900245,-1.456824,,,TRUE,white,
VAV-0341,CHN,D,36.8606,106.4823,-1.670281,-3.030405,-2.29183,107.9,289,TRUE,pink,landrace
VAV-0342,PER,,-8.1239,-88.2153,1.57904,-1.095689,1.776515,82.2,170,FALSE,pink,collected in 1998
VAV-0343,CHN,D,32.5969,116.919,-0.562395,-1.859204,-0.419188,,339,TRUE,white,landrace
VAV-0344,ESP,C,40.1439,-5.3779,0.875891,-2.723063,1.342554,118.4,264,TRUE,pink,
VAV-0345,PER,B,-9.6857,-69.9406,1.57068,2.573483,-0.590926,96.2,9,TRUE,purple,
VAV-0346,CHN,D,30.0239,117.0003,-0.313823,-2.685648,0.099917,116.4,395,TRUE,purple,collected in 1998
VAV-0347,MEX,B,24.9815,-102.317,1.307583,1.825646,-0.40759,101.4,251,TRUE,white,collected in 1998
VAV-0348,ETH,C,7.299,41.4312,1.247734,-1.841024,0.592637,139.8,109,FALSE,white,wild relative
VAV-0349,IND,D,21.8653,62.5278,-1.340536,-1.604836,0.470981,83.6,289,TRUE,,wild relative
VAV-0350,IND,D,20.1775,67.377,-0.948464,-2.345463,-1.535815,117.2,302,TRUE,white,"seed bank, Córdoba"
VAV-0351,CHN,C,36.5207,102.961,2.875618,-1.304837,0.407761,114.5,210,,white,cultivar
VAV-0352,MEX,B,15.7166,-98.8516,0.979278,2.479814,-2.085276,126.5,278,TRUE,purple,cultivar
VAV-0353,ETH,C,7.3171,41.4696,1.419063,-2.029076,1.161705,124.4,256,TRUE,white,
VAV-0354,ESP,A,44.4787,0.6863,-2.183594,0.847868,1.21484,122.3,4,TRUE,white,collected in 1998
VAV-0355,PER,,-10.0514,-76.2314,1.170246,1.286863,-0.730301,113.8,162,FALSE,pink,"seed bank, Córdoba"
VAV-0356,MEX,B,21.7234,-103.1409,0.604626,1.86949,-1.28693,124.7,125,TRUE,purple,cultivar
VAV-0357,,C,,,1.455676,-0.827256,-0.231337,101.7,246,TRUE,pink,collected in 1998
VAV-0358,IND,D,23.6909,80.6362,-1.802153,-1.830244,-1.335022,95.2,133,TRUE,pink,landrace
VAV-0359,IND,A,15.94,80.047,-2.067137,0.790804,0.848265,121.1,306,TRUE,pink,cultivar
VAV-0360,CHN,,39.5663,100.036,-0.840908,-1.892808,-0.945719,95.1,111,TRUE,pink,cultivar
VAV-0361,CHN,D,33.259,105.44,-1.51744,-0.669503,-0.475206,120.2,238,TRUE,pink,"seed bank, Córdoba"
VAV-0362,MEX,B,16.7729,-95.4253,2.6656,2.246838,-1.379065,94.4,384,TRUE,white,landrace
VAV-0363,,D,15.861,86.6721,-1.130138,-1.674197,-0.609322,140.4,297,FALSE,purple,wild relative
VAV-0364,ETH,D,9.0841,47.3836,-1.545469,-1.683088,-0.270391,98.0,288,TRUE,,wild relative
VAV-0365,MEX,B,29.3772,-96.5422,2.396097,2.242015,-0.607837,80.1,110,TRUE,white,cultivar
VAV-0366,MEX,B,26.3196,-102.5533,2.294578,1.682968,-1.707275,133.4,46,FALSE,purple,wild relative
VAV-0367,ETH,C,8.7321,40.9964,2.268295,-0.444226,2.875321,119.6,342,TRUE,pink,"seed bank, Córdoba"
VAV-0368,PER,B,-6.1793,-72.5388,1.557627,2.969834,-0.835774,103.7,155,TRUE,white,collected in 1998
VAV-0369,ETH,C,19.0059,43.6426,1.773342,-0.741615,0.744162,116.2,208,,white,collected in 1998
VAV-0370,MEX,,20.0488,-106.905,1.89405,0.912653,-2.038647,94.4,264,FALSE,purple,
VAV-0371,ESP,A,33.7651,-10.3333,-0.596967,-0.825914,-0.103258,101.8,398,TRUE,white,collected in 1998
VAV-0372,PER,B,-11.2285,-77.7587,0.951746,2.836715,-1.287061,87.4,191,TRUE,white,
VAV-0373,PER,B,-9.4857,-73.1751,0.595931,1.770342,-0.677731,100.3,32,TRUE,white,wild relative
VAV-0374,ETH,C,8.3408,36.9173,2.902492,-1.065786,1.258665,116.2,117,TRUE,purple,collected in 1998
VAV-0375,ETH,C,6.9408,47.8101,2.620561,-1.160221,1.699262,111.0,324,FALSE,white,collected in 1998
VAV-0376,CHN,D,35.4343,104.0297,-0.408872,-2.3907,0.569221,102.4,277,TRUE,pink,wild relative
VAV-0377,CHN,D,36.3236,97.091,-0.272451,-1.748691,-1.217302,94.6,389,TRUE,pink,cultivar
VAV-0378,PER,B,-10.9867,-78.0968,2.166066,1.6194,-1.284939,101.7,57,TRUE,pink,collected in 1998
VAV-0379,PER,B,-1.5798,-69.7784,0.729809,1.505975,-1.38289,131.3,336,TRUE,pink,collected in 1998
VAV-0380,MEX,B,21.4152,-100.6408,1.954012,2.483778,-0.414017,87.5,360,FALSE,purple,
VAV-0381,ETH,C,17.0015,35.6867,3.005247,-2.638252,0.188416,127.2,118,TRUE,pink,landrace
VAV-0382,ESP,A,42.3473,-11.9631,-3.051406,1.294117,0.166497,114.6,181,,white,landrace
VAV-0383,ETH,C,12.622,47.0883,1.385808,-2.698636,0.928847,128.3,310,FALSE,purple,"seed bank, Córdoba"
VAV-0384,PER,B,-3.6475,-80.4106,1.970021,1.930326,-0.777002,84.9,10,FALSE,white,cultivar
VAV-0385,,C,11.5119,41.9686,0.803161,-1.877218,1.016533,84.3,365,TRUE,pink,cultivar
VAV-0386,MEX,B,29.1151,-94.0005,0.775408,2.042546,-0.881342,118.6,175,TRUE,white,
VAV-0387,PER,B,-13.0281,-78.4784,1.320101,1.315516,-0.148044,106.3,340,TRUE,purple,cultivar
VAV-0388,MEX,B,24.1543,-106.5127,0.6586,1.140196,-0.869652,83.7,77,FALSE,pink,landrace
VAV-0389,,D,40.9925,101.256,0.739028,-1.897632,-1.105801,125.6,,TRUE,pink,collected in 1998
VAV-0390,PER,D,-19.7132,-70.8506,-1.4208,-2.134141,-0.794456,105.5,385,TRUE,pink,
VAV-0391,PER,B,-13.1703,-68.5611,0.956318,1.795412,-1.837758,96.5,167,TRUE,white,"seed bank, Córdoba"
VAV-0392,IND,A,17.5605,71.8799,-2.048173,0.473951,0.461551,91.8,266,TRUE,pink,"seed bank, Córdoba"
VAV-0393,ETH,C,8.5082,41.7044,2.16016,-1.888299,0.043594,85.6,43,FALSE,purple,"seed bank, Córdoba"
VAV-0394,ESP,A,41.1126,2.563,-2.110973,1.18056,0.131344,132.3,49,TRUE,purple,"seed bank, Córdoba"
VAV-0395,MEX,B,23.5418,-96.3627,1.544333,1.734278,-0.310308,134.5,257,FALSE,purple,
VAV-0396,ESP,A,43.546,-0.709,-1.942759,0.401343,0.807447,88.8,288,TRUE,,collected in 1998
VAV-0397,PER,B,-7.2728,-77.6453,1.778756,1.659556,0.372688,154.8,296,TRUE,pink,landrace
VAV-0398,MEX,B,26.882,-93.219,2.112946,1.512181,-0.278422,114.5,282,TRUE,purple,wild relative
VAV-0399,CHN,D,30.6024,111.0673,-0.836804,-1.023816,0.034387,111.7,46,FALSE,pink,"seed bank, Córdoba"
VAV-0400,ESP,A,43.6877,-7.5238,-2.587461,1.814544,-0.169805,102.2,301,TRUE,purple,cultivar
VAV-0401,IND,D,,,-0.345722,-3.577725,-0.096709,91.3,280,TRUE,white,wild relative
VAV-0402,ETH,B,11.9117,29.1576,0.271702,1.375693,-1.572301,110.5,97,TRUE,,landrace
VAV-0403,ETH,C,5.1463,48.1507,2.35622,-2.557092,0.876537,118.1,248,,pink,cultivar
VAV-0404,MEX,B,24.9659,-97.7387,0.832651,3.008608,0.281762,113.8,20,TRUE,white,"seed bank, Córdoba"
VAV-0405,ETH,C,6.6429,39.9816,1.550389,-0.936943,0.648609,141.3,53,,white,cultivar
VAV-0406,ETH,C,4.7742,31.6314,2.822183,-1.890412,0.863922,92.6,351,FALSE,pink,cultivar
VAV-0407,IND,B,20.8486,79.8293,1.485732,2.851528,-0.91032,116.7,326,FALSE,white,cultivar
VAV-0408,MEX,B,16.745,-100.7858,2.340317,1.87634,-0.901022,83.5,341,TRUE,purple,landrace
VAV-0409,ESP,A,36.3873,-9.9079,-2.542895,2.373581,1.132313,126.6,316,TRUE,pink,cultivar
VAV-0410,CHN,D,36.6537,100.9848,-2.251669,-2.677837,0.461412,91.3,,,,wild relative
VAV-0411,ESP,A,35.9403,-4.6319,-2.829604,1.705938,0.044501,116.8,312,FALSE,white,cultivar
VAV-0412,MEX,B,20.2606,-100.6988,0.307963,2.519467,-1.274787,101.1,93,TRUE,pink,landrace
VAV-0413,IND,D,21.7673,67.7317,-1.682735,-2.318246,-0.773506,126.5,356,FALSE,white,landrace
VAV-0414,IND,D,17.9009,73.3881,-0.467544,-1.595995,-0.697462,111.8,299,FALSE,,collected in 1998
VAV-0415,CHN,D,32.0327,107.513,-1.717881,-1.620575,0.172517,94.3,371,TRUE,white,cultivar
VAV-0416,CHN,D,40.3658,95.2491,-0.214012,-1.498933,-0.916088,91.7,80,TRUE,,
VAV-0417,ETH,A,12.4526,34.0638,-1.21241,0.636735,0.932717,136.0,236,TRUE,purple,wild relative
VAV-0418,MEX,,32.9337,-101.9611,1.245498,1.915965,-2.266235,93.5,183,FALSE,purple,landrace
VAV-0419,PER,B,-9.2793,-72.4409,1.31362,1.493813,-0.644703,121.2,334,TRUE,purple,wild relative
VAV-0420,MEX,B,26.7254,-107.8647,1.073523,1.282087,-0.549667,123.2,194,TRUE,white,landrace
VAV-0421,MEX,B,30.8947,-102.4677,1.609286,2.907113,-0.17371,100.2,106,TRUE,pink,"seed bank, Córdoba"
VAV-0422,IND,D,23.9876,78.8732,-0.235127,-1.449322,-1.483914,103.8,208,TRUE,purple,landrace
VAV-0423,IND,D,29.0858,81.1521,0.427572,-2.092382,-0.575429,103.8,382,TRUE,white,cultivar
VAV-0424,PER,A,-7.9663,-67.5666,-2.022814,1.138271,1.090878,105.3,144,TRUE,pink,
VAV-0425,IND,D,17.1601,80.4587,-1.350586,-2.977795,0.021706,120.6,1,TRUE,white,wild relative
VAV-0426,ETH,C,,,2.019404,-1.676596,1.47931,101.7,377,TRUE,,collected in 1998
VAV-0427,MEX,B,25.8377,-98.461,0.890868,3.401029,-1.098258,127.8,246,FALSE,pink,collected in 1998
VAV-0428,ESP,A,36.0565,0.9677,-2.570722,0.719153,0.268644,101.3,81,TRUE,purple,landrace
VAV-0429,ETH,C,7.0746,43.5416,1.589478,-0.977365,1.119967,109.5,,TRUE,,"seed bank, Córdoba"
VAV-0430,MEX,,20.0962,-112.0465,1.596049,1.949813,-1.965505,101.7,63,FALSE,pink,"seed bank, Córdoba"
VAV-0431,MEX,B,35.0094,-97.4294,1.321245,2.78576,-0.71833,110.1,182,TRUE,pink,cultivar
VAV-0432,PER,A,-15.1536,-69.6697,-1.29016,1.114026,1.1173,114.7,64,TRUE,white,"seed bank, Córdoba"
VAV-0433,CHN,C,37.6026,96.0489,0.873821,-0.915851,0.057318,105.4,149,FALSE,white,collected in 1998
VAV-0434,MEX,B,16.3474,-87.4587,3.50142,1.243809,-1.435281,107.6,47,TRUE,purple,cultivar
VAV-0435,MEX,B,21.2055,-91.8279,0.136768,2.675238,-0.683292,111.0,263,TRUE,purple,"seed bank, Córdoba"
VAV-0436,MEX,B,23.9345,-92.3634,0.769074,1.982145,-1.743343,98.3,301,FALSE,purple,landrace
VAV-0437,IND,D,29.8449,85.1043,-0.531288,-2.202096,-0.300104,103.7,322,TRUE,,landrace
VAV-0438,ETH,C,11.2007,33.2757,2.666304,-0.061339,1.093034,,66,TRUE,white,landrace
VAV-0439,PER,B,-5.9802,-71.9734,1.659731,2.888905,-0.040704,122.2,220,TRUE,purple,collected in 1998
VAV-0440,ESP,A,40.3592,2.6557,-2.554267,0.381052,-0.629563,109.7,307,TRUE,purple,landrace
VAV-0441,ETH,C,6.355,45.9569,0.893399,-1.062484,1.917332,107.6,53,TRUE,pink,cultivar
VAV-0442,ESP,A,38.8226,-5.6609,-2.672135,1.233497,0.201488,92.1,236,FALSE,pink,wild relative
VAV-0443,ETH,C,8.9663,46.8661,2.503894,-1.340477,1.976508,111.5,79,TRUE,white,collected in 1998
VAV-0444,CHN,,,,-0.410347,-1.310546,-1.469621,96.2,209,FALSE,pink,"seed bank, Córdoba"
VAV-0445,IND,D,24.4756,84.4691,-1.369032,-1.15451,-0.243106,139.6,203,TRUE,pink,landrace
VAV-0446,IND,C,19.0123,75.4912,1.54738,-2.005381,1.383834,125.5,169,TRUE,purple,
VAV-0447,CHN,D,26.6141,99.408,-0.334986,-1.935826,-0.392567,113.2,178,TRUE,white,wild relative
VAV-0448,IND,D,14.6647,80.1071,-2.127885,-2.112201,0.557546,97.9,275,TRUE,purple,landrace
VAV-0449,CHN,D,35.1015,108.5231,-0.031332,-1.79538,-0.983217,101.3,205,TRUE,purple,landrace
VAV-0450,ESP,A,40.5706,0.3469,-0.805043,0.735913,-0.084675,100.0,85,TRUE,white,"seed bank, Córdoba"
VAV-0451,ETH,C,10.2377,35.7689,1.480304,-0.071199,1.775654,130.8,81,TRUE,purple,cultivar
VAV-0452,ETH,C,9.9292,42.2175,2.32188,-2.303072,1.05694,161.2,187,TRUE,pink,"seed bank, Córdoba"
VAV-0453,MEX,B,25.234,-96.6677,1.041848,2.286347,-1.334196,94.3,113,TRUE,purple,wild relative
VAV-0454,ETH,,8.1336,41.2835,2.331948,-2.345876,0.405808,114.3,143,TRUE,purple,collected in 1998
VAV-0455,MEX,B,,,0.552634,2.65777,-1.029608,130.2,29,FALSE,white,wild relative
VAV-0456,PER,A,-11.0102,-79.806,-2.69868,0.937528,-0.477562,89.4,240,TRUE,white,wild relative
VAV-0457,PER,B,-12.4474,-76.1539,0.60253,2.723859,-0.315093,84.6,232,TRUE,white,cultivar
VAV-0458,CHN,D,38.4388,102.1079,-0.949074,-2.688299,-0.363682,91.6,187,TRUE,white,wild relative
VAV-0459,PER,B,-15.2817,-78.1526,2.206405,1.29452,0.836612,112.5,3,TRUE,white,collected in 1998
VAV-0460,ETH,C,0.4593,49.9472,0.860189,-2.311689,0.464634,93.7,277,TRUE,purple,collected in 1998
VAV-0461,MEX,B,21.2226,-95.8887,0.783265,1.32285,-0.676522,100.5,366,FALSE,purple,cultivar
VAV-0462,PER,B,-6.544,-71.3728,2.839468,2.620863,-0.480943,83.8,393,FALSE,pink,"seed bank, Córdoba"
VAV-0463,IND,D,27.0439,74.5739,-1.476819,-0.471434,0.434909,134.8,239,TRUE,,wild relative
VAV-0464,IND,D,,,-1.691395,-1.681035,-0.059634,93.9,113,TRUE,,"seed bank, Córdoba"
VAV-0465,CHN,D,26.1508,92.1684,-0.805773,-2.884032,-1.292544,107.4,152,TRUE,pink,wild relative
VAV-0466,PER,B,-5.0041,-72.8136,1.052331,0.476523,-0.236472,90.1,395,TRUE,pink,cultivar
VAV-0467,PER,B,-3.2712,-74.8821,1.125352,2.447863,-0.246307,139.1,49,TRUE,pink,
VAV-0468,CHN,D,35.2289,110.2296,-1.960707,-2.008012,0.448282,95.3,304,TRUE,purple,
VAV-0469,,D,37.6181,106.2864,-0.312529,-2.592177,-1.157241,117.9,152,TRUE,pink,cultivar
VAV-0470,MEX,B,23.356,-102.1575,1.780924,0.610266,-0.49185,112.2,4,TRUE,pink,collected in 1998
VAV-0471,IND,B,17.8923,74.6448,1.229236,2.148226,-1.165629,100.1,79,TRUE,purple,cultivar
VAV-0472,MEX,,24.4449,-101.8885,0.140414,-1.851873,-0.504301,109.1,62,TRUE,white,cultivar
VAV-0473,CHN,D,30.2736,101.244,-1.269908,-1.980398,0.5496,114.5,243,TRUE,white,cultivar
VAV-0474,ESP,,44.3174,-1.6421,-3.601259,0.326731,0.190448,50.3,220,TRUE,purple,wild relative
VAV-0475,ESP,A,39.1325,-11.8923,-2.780194,1.222819,2.071462,101.3,252,,white,cultivar
VAV-0476,CHN,D,28.9779,104.4605,-0.71483,-1.911226,-0.023254,101.9,165,FALSE,pink,cultivar
VAV-0477,ESP,A,41.8291,-9.2917,-1.277761,1.102202,1.250466,106.9,369,TRUE,pink,cultivar
VAV-0478,PER,B,-9.5545,-77.2659,2.762537,1.964999,-0.9251,116.6,75,TRUE,white,"seed bank, Córdoba"
VAV-0479,MEX,B,22.9334,-96.8915,2.150727,1.596952,-1.883878,107.0,186,TRUE,pink,
VAV-0480,ESP,A,35.8874,1.8651,-1.54258,1.39048,-0.09463,76.6,380,,pink,cultivar
VAV-0481,ESP,A,39.7695,-17.6203,-2.95548,0.675137,1.073233,98.2,70,TRUE,purple,"seed bank, Córdoba"
VAV-0482,CHN,D,32.9919,105.7349,-1.058563,-2.26187,-1.117866,85.4,294,TRUE,pink,collected in 1998
VAV-0483,MEX,D,22.8648,-103.1905,-0.009482,-2.456226,-1.587897,129.0,215,TRUE,white,cultivar
VAV-0484,IND,D,27.2941,80.8466,-1.582127,-1.40605,-0.752165,118.0,42,TRUE,pink,cultivar
VAV-0485,CHN,D,43.6581,104.6322,-1.440564,-2.908749,0.223025,115.0,267,TRUE,white,wild relative
VAV-0486,ESP,C,41.4444,-17.4355,3.421377,-1.035304,0.352782,113.2,374,TRUE,pink,"seed bank, Córdoba"
VAV-0487,IND,D,20.8389,68.0274,-2.773901,-1.724937,-0.797878,119.4,107,TRUE,white,"seed bank, Córdoba"
VAV-0488,CHN,D,24.9394,99.5723,0.412522,-0.796117,-1.369663,101.0,372,TRUE,white,collected in 1998
VAV-0489,IND,D,21.1867,77.6012,-0.586758,-1.317539,-1.087343,123.1,175,TRUE,purple,cultivar
VAV-0490,PER,B,-3.5753,-70.7979,0.832998,1.703539,-3.099708,87.1,138,TRUE,purple,wild relative
VAV-0491,CHN,D,38.0777,101.3093,-0.657228,-1.665076,-1.132209,129.3,138,TRUE,purple,"seed bank, Córdoba"
VAV-0492,ESP,A,30.5174,2.2124,-3.195463,3.023514,-0.255591,103.7,70,TRUE,pink,
VAV-0493,PER,B,-7.5496,-78.4382,1.343967,1.451488,-2.117918,78.3,143,TRUE,pink,collected in 1998
VAV-0494,CHN,D,28.2961,111.2546,-1.426883,-2.088662,-0.590774,81.5,59,TRUE,white,wild relative
VAV-0495,ETH,C,8.6062,40.7618,2.749434,-1.743253,0.185202,120.5,7,TRUE,purple,collected in 1998
VAV-0496,PER,B,-9.1408,-70.3029,1.411991,2.66565,-1.137963,139.6,262,TRUE,,landrace
VAV-0497,ESP,A,43.4967,-16.0254,-0.663705,1.176498,0.635953,95.8,149,TRUE,purple,
VAV-0498,PER,C,-4.3437,-78.4987,2.505121,-1.145761,1.857739,,130,TRUE,purple,landrace
VAV-0499,PER,B,-6.5076,-80.8508,2.055716,1.231283,-1.115478,123.4,355,TRUE,white,landrace
VAV-0500,CHN,D,40.4729,99.0486,-1.868813,-1.657889,-0.572108,,53,FALSE,pink,wild relative
VAV-0501,MEX,B,19.0199,-94.8855,1.278626,1.402343,-1.497548,140.3,65,TRUE,white,cultivar
VAV-0502,CHN,,31.6017,113.6608,-2.972635,0.209857,1.018455,115.5,68,FALSE,white,"seed bank, Córdoba"
VAV-0503,ESP,A,43.3402,11.9662,-1.942213,1.710548,0.210635,107.4,52,TRUE,white,wild relative
VAV-0504,MEX,B,23.8492,-98.3241,2.803285,2.393234,-0.171124,122.0,179,TRUE,pink,collected in 1998
VAV-0505,PER,B,-10.5222,-79.243,1.64194,0.565453,-1.328779,109.1,91,TRUE,white,
VAV-0506,ESP,A,37.7,-7.9688,-1.62907,0.123071,-0.135501,102.4,74,TRUE,purple,landrace
VAV-0507,ESP,A,40.2611,-5.7867,-1.627816,2.240622,0.36211,67.9,293,TRUE,purple,collected in 1998
VAV-0508,PER,B,-12.3287,-73.6188,2.260221,2.357155,-0.857497,124.9,368,FALSE,pink,
VAV-0509,MEX,A,23.8829,-100.3119,-2.359176,-0.499775,0.081965,107.6,107,TRUE,white,landrace
VAV-0510,ESP,A,40.3424,-4.917,-1.575081,1.235016,0.373779,114.1,197,TRUE,pink,landrace
VAV-0511,,D,39.1148,103.7517,-0.916932,-2.212334,-0.402553,108.0,44,TRUE,white,landrace
VAV-0512,MEX,B,22.6752,-104.6942,2.230472,0.736594,-1.559522,125.2,268,TRUE,pink,landrace
VAV-0513,ETH,C,11.9564,41.6162,1.380064,-3.104135,1.70066,124.9,264,TRUE,white,cultivar
VAV-0514,MEX,B,20.1712,-91.6302,1.993137,2.586227,0.082545,123.8,182,TRUE,white,collected in 1998
VAV-0515,ESP,A,43.0026,2.8604,-1.969883,1.376444,2.473665,136.1,296,TRUE,pink,"seed bank, Córdoba"
VAV-0516,ESP,A,41.2648,-2.8399,-2.405284,0.124386,0.324491,109.8,169,TRUE,white,landrace
VAV-0517,ETH,,10.6618,26.4106,1.626848,-2.092195,0.778953,88.6,240,TRUE,pink,wild relative
VAV-0518,ESP,A,39.3515,-4.1653,-0.810205,0.944883,0.450182,109.9,250,TRUE,white,wild relative
VAV-0519,ESP,A,37.1256,1.1592,-1.540708,0.92054,0.90637,94.2,316,TRUE,purple,landrace
VAV-0520,IND,C,21.6572,72.8442,1.05119,-0.663912,1.469021,95.7,344,TRUE,pink,wild relative
VAV-0521,ESP,A,37.5414,-6.4403,-1.782466,0.228197,0.72927,128.1,66,TRUE,purple,cultivar
VAV-0522,ETH,C,6.8329,43.2541,2.124122,-1.64846,0.302676,126.4,199,TRUE,,collected in 1998
VAV-0523,MEX,B,21.7496,-101.5318,1.687389,2.295505,-1.210018,90.1,140,TRUE,,wild relative
VAV-0524,PER,B,-10.5418,-78.3346,1.02989,0.748956,-2.379519,131.6,180,TRUE,pink,cultivar
VAV-0525,ETH,C,8.2974,46.0616,1.875065,-0.276939,0.899611,131.3,101,TRUE,pink,"seed bank, Córdoba"
VAV-0526,MEX,B,26.9436,-102.5627,1.574843,1.695697,-0.484298,,135,TRUE,purple,
VAV-0527,MEX,B,,,-0.191573,3.129078,-1.265345,,87,TRUE,white,wild relative
VAV-0528,MEX,B,17.1493,-95.778,1.806246,1.695368,-1.037714,122.8,279,FALSE,white,
VAV-0529,CHN,,35.363,91.3098,-1.376808,-1.045424,0.705696,99.9,177,TRUE,pink,landrace
VAV-0530,,B,25.971,-103.589,0.416534,2.27862,-1.029574,154.4,187,TRUE,purple,landrace
VAV-0531,IND,D,20.328,85.4536,-0.631465,-2.820174,-1.699212,116.1,280,TRUE,pink,cultivar
VAV-0532,IND,D,22.9905,86.1724,-1.930076,-2.039856,-0.139167,131.4,38,TRUE,white,"seed bank, Córdoba"
VAV-0533,CHN,D,37.9652,108.6946,-0.054998,-3.193322,-0.393293,115.9,226,FALSE,white,cultivar
VAV-0534,ESP,A,42.9457,-2.3476,-3.458823,0.705361,0.785322,75.9,115,TRUE,purple,wild relative
VAV-0535,CHN,D,35.7574,100.967,-1.015759,-2.152194,-1.779789,134.2,207,TRUE,purple,cultivar
VAV-0536,PER,,-11.8573,-74.5283,0.783688,2.472844,-1.569483,136.1,300,TRUE,white,cultivar
VAV-0537,CHN,D,33.554,102.2438,-0.827593,-1.972885,-0.116769,150.5,332,TRUE,white,collected in 1998
VAV-0538,CHN,D,34.1243,97.8278,-1.689216,-0.92593,-0.252876,106.0,306,TRUE,purple,"seed bank, Córdoba"
VAV-0539,IND,D,22.567,77.8429,-0.30889,-2.490811,-0.33688,110.9,3,TRUE,white,"seed bank, Córdoba"
VAV-0540,CHN,D,,,-1.584421,-1.529737,-0.265797,120.7,380,TRUE,pink,cultivar
VAV-0541,ESP,A,37.8695,-0.6603,-2.075831,0.701085,0.160712,105.9,26,TRUE,purple,
VAV-0542,MEX,C,17.5118,-96.3521,1.997918,-0.811963,0.723493,95.1,152,TRUE,purple,cultivar
VAV-0543,IND,D,26.0201,82.9535,-0.995645,-2.054476,-1.026501,102.8,184,FALSE,white,cultivar
VAV-0544,ETH,D,6.5834,36.7311,-2.488723,-2.598282,-2.364401,81.5,138,TRUE,pink,cultivar
VAV-0545,ESP,,42.5771,-1.2434,-2.295913,1.368233,0.648456,116.6,237,TRUE,purple,
VAV-0546,CHN,D,,,-0.9808,-2.133076,-1.05293,123.5,211,TRUE,white,landrace
VAV-0547,ETH,C,7.5929,31.9428,1.38884,-1.752135,1.450326,104.1,307,TRUE,pink,wild relative
VAV-0548,ESP,A,38.5545,-5.3297,-2.867648,1.239184,-0.468548,127.9,172,FALSE,purple,collected in 1998
VAV-0549,ETH,D,8.1839,34.9213,-0.70188,-2.581783,-1.203601,132.9,255,TRUE,white,cultivar
VAV-0550,MEX,B,23.8255,-101.8565,1.039271,1.824286,-0.733508,98.0,151,TRUE,pink,wild relative
VAV-0551,CHN,D,38.7958,109.3594,-2.727095,-2.811703,0.259339,,77,TRUE,pink,"seed bank, Córdoba"
VAV-0552,IND,D,24.3825,84.3262,-1.425485,-1.846835,0.674695,114.9,10,TRUE,white,landrace
VAV-0553,IND,D,21.1738,85.6009,-1.420754,-2.367672,0.666921,98.5,276,TRUE,purple,wild relative
VAV-0554,ESP,A,49.755,7.4197,-2.618943,-0.156202,0.641706,92.9,71,TRUE,purple,collected in 1998
VAV-0555,CHN,D,34.0409,106.57,-1.269941,-1.201808,-0.359291,88.6,114,TRUE,pink,"seed bank, Córdoba"
VAV-0556,PER,,-6.5388,-71.6096,2.228419,2.977284,-0.68295,,144,TRUE,pink,landrace
VAV-0557,ESP,A,44.0468,-6.2078,-1.272158,1.285553,-0.263606,114.4,86,TRUE,purple,landrace
VAV-0558,CHN,D,38.9424,101.9371,-0.115625,-0.795907,-1.138067,141.0,370,TRUE,purple,wild relative
VAV-0559,PER,B,-2.3622,-77.5875,1.871615,1.478857,-1.499594,99.9,238,FALSE,purple,collected in 1998
VAV-0560,CHN,D,32.616,99.8126,-1.419127,-1.613895,-0.318317,114.6,349,,pink,landrace
VAV-0561,ETH,C,2.6871,41.9785,2.082209,-0.704576,1.386614,123.0,249,TRUE,pink,
VAV-0562,IND,D,23.3201,78.6543,-1.60696,-1.285476,-1.825417,140.0,264,TRUE,purple,landrace
VAV-0563,PER,,-16.2123,-87.8947,1.289604,2.737936,-0.700749,118.2,83,FALSE,pink,collected in 1998
VAV-0564,MEX,,19.592,-105.4877,2.213687,-2.414371,1.780953,99.8,105,TRUE,pink,collected in 1998
VAV-0565,PER,B,-8.0242,-73.829,2.273578,1.432203,-2.643559,109.9,28,TRUE,pink,landrace
VAV-0566,CHN,A,37.1582,96.5175,-0.085149,-0.058398,0.88138,93.9,227,,pink,
VAV-0567,PER,B,,,2.180854,2.257154,-0.93264,93.8,109,TRUE,pink,cultivar
VAV-0568,IND,D,16.5386,82.0512,-0.526794,-2.649721,-1.275725,136.9,61,TRUE,white,collected in 1998
VAV-0569,ETH,C,6.3342,33.889,1.573465,-1.70254,0.607052,134.6,177,TRUE,purple,"seed bank, Córdoba"
VAV-0570,MEX,B,18.9066,-95.4181,2.323393,0.971512,-0.802762,112.0,132,TRUE,pink,"seed bank, Córdoba"
VAV-0571,CHN,D,33.3583,91.254,-1.484945,-2.733856,0.855332,80.1,112,TRUE,white,landrace
VAV-0572,MEX,B,23.2363,-112.5631,0.515435,1.573721,-0.22272,127.3,327,TRUE,white,wild relative
VAV-0573,ESP,B,45.9275,5.7407,1.228739,0.558208,-0.962442,138.8,284,TRUE,,"seed bank, Córdoba"
VAV-0574,IND,D,21.1657,78.5453,-1.243594,-2.930201,-0.207656,114.5,368,TRUE,white,wild relative
VAV-0575,CHN,D,42.3916,94.5113,-0.743273,-1.94522,-0.081804,82.9,46,FALSE,pink,wild relative
VAV-0576,ETH,C,15.1699,38.8674,1.121061,-1.662234,0.803943,110.6,34,TRUE,pink,cultivar
VAV-0577,ETH,C,10.2488,35.3503,2.405444,-0.353886,0.954022,120.4,388,FALSE,pink,collected in 1998
VAV-0578,PER,B,-3.8114,-73.3824,1.943965,1.892882,-0.879731,,99,FALSE,purple,wild relative
VAV-0579,CHN,D,38.2209,103.9885,-0.511978,-2.191097,-0.098028,114.3,385,TRUE,purple,collected in 1998
VAV-0580,PER,A,-1.1972,-85.4803,-1.647636,1.673268,0.471209,129.5,236,TRUE,purple,cultivar
VAV-0581,ESP,A,36.4859,-4.9285,-2.72813,1.34118,0.46313,86.2,138,TRUE,pink,"seed bank, Córdoba"
VAV-0582,,A,40.8949,-6.579,-2.614859,1.007688,0.996235,83.5,291,TRUE,purple,landrace
VAV-0583,ESP,A,39.8837,1.927,-2.244816,1.486739,0.084836,83.2,263,,purple,"seed bank, Córdoba"
VAV-0584,CHN,C,32.829,104.6462,2.930961,-0.731411,0.603203,92.2,358,FALSE,purple,"seed bank, Córdoba"
VAV-0585,MEX,A,17.6274,-107.0072,-1.37996,0.305562,0.024577,118.0,357,TRUE,pink,wild relative
VAV-0586,CHN,D,33.3463,101.4099,-0.861278,-1.525163,0.635477,75.9,368,TRUE,white,landrace
VAV-0587,CHN,D,30.1613,107.6459,-0.696139,-0.850673,-0.440602,93.2,,TRUE,purple,"seed bank, Córdoba"
VAV-0588,ESP,A,40.9155,-7.6654,-1.613476,0.916416,0.620075,101.1,348,TRUE,white,collected in 1998
VAV-0589,ETH,D,,,-1.570362,-1.511912,0.078538,105.2,318,TRUE,pink,collected in 1998
VAV-0590,MEX,B,19.642,-97.1237,1.970009,3.683138,-0.642226,68.8,68,TRUE,purple,landrace
VAV-0591,PER,B,-8.5374,-75.6836,1.179487,2.897817,-1.06437,107.9,232,TRUE,white,cultivar
VAV-0592,IND,A,17.6288,69.6862,-1.913576,0.017183,-0.522867,107.3,41,TRUE,pink,"seed bank, Córdoba"
VAV-0593,PER,B,-10.9669,-71.0042,1.763396,1.890411,-0.862522,108.9,240,TRUE,purple,collected in 1998
VAV-0594,IND,D,23.5128,85.0946,-0.839925,-2.988651,0.061627,103.4,300,TRUE,purple,cultivar
VAV-0595,PER,,-8.9656,-68.1781,1.293683,0.850983,-1.7882,137.0,227,TRUE,pink,"seed bank, Córdoba"
VAV-0596,IND,A,23.16,81.3581,-1.695557,3.1279,0.235172,103.2,183,TRUE,white,landrace
VAV-0597,ETH,C,6.0253,33.3482,2.660794,-2.175561,2.189112,109.1,130,TRUE,white,cultivar
VAV-0598,MEX,B,27.6001,-98.0566,2.27904,2.914372,-1.276204,72.8,156,TRUE,white,collected in 1998
VAV-0599,PER,B,-8.0531,-70.1047,1.314829,2.420987,-1.504379,100.9,23,TRUE,white,landrace
VAV-0600,ETH,C,5.2854,42.9719,1.865956,-1.67971,0.62235,114.0,389,FALSE,white,
VAV-0601,CHN,D,35.553,104.3903,-1.190595,-1.575393,-0.5456,114.7,208,FALSE,pink,
VAV-0602,PER,C,-7.4343,-69.3305,1.952616,-1.134197,1.349071,102.3,255,TRUE,pink,
VAV-0603,ETH,C,9.8798,34.268,1.565291,-1.980086,1.102707,121.5,4,TRUE,pink,"seed bank, Córdoba"
VAV-0604,IND,,19.271,79.098,-1.492839,-1.817108,-1.667235,102.8,53,TRUE,white,collected in 1998
VAV-0605,IND,D,21.9024,81.4645,-0.515307,-2.066942,-0.809024,140.8,137,TRUE,pink,collected in 1998
VAV-0606,,B,-8.2649,-84.453,1.644943,1.858815,-1.978188,93.2,310,TRUE,white,"seed bank, Córdoba"
VAV-0607,CHN,D,34.2161,102.138,-0.258479,-1.991314,0.029527,107.2,23,TRUE,pink,collected in 1998
VAV-0608,CHN,D,29.2751,101.0653,-1.483146,-0.973362,0.307041,101.6,165,TRUE,purple,cultivar
VAV-0609,ESP,C,37.3147,-3.6975,2.52366,-1.35249,1.951527,133.8,205,TRUE,purple,wild relative
VAV-0610,,D,11.5061,82.371,-1.429149,-2.663442,-0.045859,79.0,364,TRUE,purple,collected in 1998
VAV-0611,ESP,B,36.6797,3.1905,1.215993,3.197517,-1.209074,119.6,181,TRUE,purple,wild relative
VAV-0612,CHN,D,35.0554,106.2465,-1.153703,-2.562715,-0.010819,106.2,367,TRUE,,landrace
VAV-0613,,B,26.519,87.4906,1.506966,0.176964,0.536906,80.0,0,TRUE,pink,cultivar
VAV-0614,ETH,C,11.3155,45.3579,0.713201,-0.925289,0.082681,153.7,22,TRUE,pink,landrace
VAV-0615,ESP,B,42.727,0.2608,0.930758,2.800505,-0.488357,98.2,395,TRUE,white,wild relative
VAV-0616,IND,D,17.379,80.8519,-0.813619,-1.510781,0.656218,85.9,70,TRUE,pink,
VAV-0617,MEX,B,14.5311,-115.0976,0.84951,1.788879,-0.683665,129.2,285,FALSE,white,wild relative
VAV-0618,MEX,A,20.6218,-100.4418,-1.232413,1.388193,0.410614,106.3,141,TRUE,purple,
VAV-0619,ESP,A,36.2923,6.6687,-1.913655,2.601043,1.444634,115.7,142,TRUE,pink,"seed bank, Córdoba"
VAV-0620,IND,D,23.7411,90.063,-1.102378,-2.183907,-0.092091,99.5,105,TRUE,purple,
VAV-0621,,D,31.7905,101.6371,-1.999109,-1.658787,-0.511724,69.3,251,TRUE,pink,cultivar
VAV-0622,,C,8.4437,39.8592,2.39924,-2.921105,1.850063,98.9,308,TRUE,,wild relative
VAV-0623,IND,D,24.0858,77.4865,-1.696802,-2.600585,-1.183318,123.0,232,TRUE,pink,wild relative
VAV-0624,IND,D,18.0438,80.5146,-0.102496,-2.559988,-0.740206,94.2,333,TRUE,purple,wild relative
VAV-0625,ESP,,38.5991,-6.0366,-0.412625,1.774049,0.696953,,51,TRUE,pink,cultivar
VAV-0626,CHN,D,34.418,87.4159,-0.194148,-1.308897,0.127498,117.2,31,TRUE,white,landrace
VAV-0627,PER,D,-8.6863,-75.3845,-1.875237,-2.382866,-0.916923,78.3,338,TRUE,pink,collected in 1998
VAV-0628,IND,D,21.1903,75.2276,-1.091068,-0.978795,-0.122434,117.1,239,TRUE,white,landrace
VAV-0629,IND,D,19.0016,80.0285,-1.292566,-2.166939,0.168601,98.8,116,FALSE,pink,collected in 1998
VAV-0630,MEX,B,24.228,-109.0308,2.513639,1.23857,-0.949372,112.0,216,TRUE,white,cultivar
VAV-0631,PER,B,-10.6411,-65.2699,1.811515,0.888999,-1.025159,124.8,148,FALSE,white,wild relative
VAV-0632,ESP,A,,,-2.646132,1.942724,1.035503,105.2,157,,pink,landrace
VAV-0633,PER,,-15.8,-75.7048,0.646389,1.213157,0.027779,100.1,58,FALSE,white,landrace
VAV-0634,PER,B,-13.5762,-64.7752,0.149594,1.218838,-1.044627,98.8,313,TRUE,purple,"seed bank, Córdoba"
VAV-0635,PER,A,-7.0046,-78.474,-2.097556,2.218938,1.422096,112.2,34,TRUE,purple,
VAV-0636,IND,D,13.0167,77.9767,-1.541123,-0.988754,-1.281221,,54,TRUE,purple,"seed bank, Córdoba"
VAV-0637,CHN,D,39.7821,99.5514,-2.021713,-1.501877,0.361685,117.0,369,TRUE,purple,"seed bank, Córdoba"
VAV-0638,MEX,D,26.6154,-100.7804,-1.640025,-1.596611,-0.138259,102.8,226,TRUE,purple,"seed bank, Córdoba"
VAV-0639,CHN,D,32.4605,102.7165,-0.624694,-1.390072,-1.015663,95.1,230,TRUE,pink,"seed bank, Córdoba"
VAV-0640,MEX,B,27.7294,-101.4036,1.89678,2.528049,-0.762359,129.2,95,TRUE,white,
VAV-0641,PER,B,-12.0459,-77.5704,2.183659,2.698691,-1.132604,138.7,141,TRUE,white,cultivar
VAV-0642,IND,D,17.3092,87.5914,-1.189197,-1.724126,-1.731979,101.3,142,TRUE,pink,
VAV-0643,ETH,C,8.149,34.4353,1.58199,-0.950084,1.183997,99.0,114,TRUE,pink,cultivar
VAV-0644,MEX,B,27.5875,-100.4476,1.423746,0.069194,-1.445646,116.7,67,TRUE,purple,cultivar
VAV-0645,CHN,D,37.8873,111.0065,0.215456,-1.421382,-1.255815,122.9,352,TRUE,pink,landrace
VAV-0646,PER,B,-2.6837,-70.2329,1.513885,3.601436,-0.206248,84.2,263,TRUE,pink,cultivar
VAV-0647,PER,B,-9.3597,-87.9833,2.091311,1.923183,-1.78693,111.5,329,TRUE,pink,wild relative
VAV-0648,ETH,B,10.3046,45.693,1.086948,1.82537,-0.440116,64.6,368,TRUE,white,collected in 1998
VAV-0649,ESP,C,37.4081,-9.0236,3.421006,-0.810049,1.061901,114.3,47,FALSE,purple,cultivar
VAV-0650,ETH,C,,,2.220595,-1.236759,0.972998,121.1,127,TRUE,pink,wild relative
VAV-0651,MEX,B,24.7558,-97.5898,1.957694,1.165351,0.050898,97.8,86,TRUE,purple,collected in 1998
VAV-0652,IND,,18.675,91.2897,-0.261884,-0.945641,-0.190996,137.6,95,TRUE,purple,wild relative
VAV-0653,ESP,D,34.1068,-11.6978,-2.372514,-1.705449,-0.161213,117.3,313,TRUE,white,landrace
VAV-0654,IND,D,,,-1.797856,-3.344056,0.512954,89.8,253,TRUE,pink,wild relative
VAV-0655,IND,D,22.0364,70.4397,-1.979048,-1.725351,-1.164947,101.6,306,TRUE,purple,landrace
VAV-0656,MEX,D,19.6288,-97.5221,-1.184588,-2.274794,-0.0534,110.8,,TRUE,purple,landrace
VAV-0657,ETH,C,11.6006,41.866,1.852707,-1.031386,2.830117,93.7,171,TRUE,white,landrace
VAV-0658,ETH,C,2.9595,51.7179,2.129017,-1.750639,1.759791,105.5,80,TRUE,purple,collected in 1998
VAV-0659,PER,B,-7.5203,-76.3736,1.812796,3.137087,-1.607897,92.9,198,TRUE,purple,"seed bank, Córdoba"
VAV-0660,IND,D,,,-1.911635,-2.2358,0.185377,145.5,260,TRUE,pink,landrace
VAV-0661,CHN,D,33.4787,91.2276,-0.058203,-3.202342,-0.095281,113.7,174,TRUE,white,landrace
VAV-0662,PER,B,-5.6108,-64.6897,0.227649,1.585015,-1.244301,121.6,258,TRUE,,landrace
VAV-0663,ETH,C,2.1613,42.8029,2.237715,-0.697647,0.278474,93.1,26,FALSE,white,cultivar
VAV-0664,CHN,D,35.2544,108.9822,-0.497402,-1.598859,-0.677813,89.7,56,TRUE,purple,collected in 1998
VAV-0665,CHN,D,34.1695,109.4616,-1.040123,-2.604021,-0.675636,111.9,365,TRUE,purple,"seed bank, Córdoba"
VAV-0666,PER,B,-8.6034,-70.66,3.472471,2.073176,-0.505265,93.4,322,TRUE,purple,landrace
VAV-0667,ESP,A,36.3325,-4.9805,-1.282712,1.458542,0.481575,108.8,287,FALSE,white,
VAV-0668,IND,D,18.4176,85.6154,-0.970015,-1.748879,0.908713,87.3,38,TRUE,purple,landrace
VAV-0669,ETH,C,8.7828,48.6286,2.582301,-1.993935,0.556909,101.6,127,TRUE,pink,cultivar
VAV-0670,IND,D,17.1682,74.6151,-1.136492,-0.395666,-0.947746,133.8,379,TRUE,pink,landrace
VAV-0671,MEX,B,29.1598,-105.3457,2.096649,2.477236,-1.160497,120.4,230,TRUE,pink,collected in 1998
VAV-0672,MEX,B,21.6714,-111.1172,0.562396,1.680857,-0.690515,121.9,388,TRUE,purple,
VAV-0673,CHN,A,32.2194,103.076,-0.947325,2.385536,0.682264,125.1,159,FALSE,purple,"seed bank, Córdoba"
VAV-0674,ETH,B,9.8619,42.1011,0.702278,1.758269,-0.444276,121.2,329,TRUE,pink,"seed bank, Córdoba"
VAV-0675,MEX,B,23.2344,-98.2349,1.77491,2.000393,-0.183379,124.8,129,TRUE,purple,cultivar
VAV-0676,PER,B,-2.6551,-81.9598,1.169996,2.458689,-1.12897,125.3,346,TRUE,pink,cultivar
VAV-0677,ESP,,40.5094,-9.1783,2.460508,2.6594,-0.694956,116.3,385,TRUE,white,"seed bank, Córdoba"
VAV-0678,MEX,,26.2197,-105.3249,0.83042,0.815345,0.495585,91.4,22,TRUE,pink,landrace
VAV-0679,PER,B,-3.2613,-85.2744,1.025751,1.43132,-1.237904,96.1,379,TRUE,pink,cultivar
VAV-0680,PER,B,-3.1334,-83.6883,1.252341,1.287976,-1.559654,103.1,393,TRUE,white,landrace
VAV-0681,ESP,B,38.7831,-9.3331,1.925757,2.825917,-1.124694,124.3,362,TRUE,white,cultivar
VAV-0682,ETH,C,10.4141,37.4457,1.97068,-1.187817,0.269934,100.8,294,FALSE,,collected in 1998
VAV-0683,CHN,D,,,-1.683915,-2.454952,-1.709923,93.9,274,TRUE,white,collected in 1998
VAV-0684,PER,B,,,1.485871,2.002929,-1.423364,132.1,393,FALSE,pink,landrace
VAV-0685,CHN,D,34.244,104.8643,-0.709494,-2.201809,-0.434157,85.5,317,TRUE,pink,landrace
VAV-0686,ETH,C,9.1884,38.8046,1.579884,-1.355233,1.004318,95.7,178,TRUE,purple,landrace
VAV-0687,ETH,C,15.3283,47.633,1.662226,-1.165309,0.893935,156.1,373,TRUE,purple,wild relative
VAV-0688,MEX,B,19.0354,-101.6631,0.671814,0.700376,-0.139507,133.6,310,TRUE,white,collected in 1998
VAV-0689,PER,B,-16.8519,-83.3507,2.270541,3.016157,-0.064721,126.2,305,FALSE,pink,landrace
VAV-0690,ETH,C,11.8446,46.5387,1.726574,-1.159858,2.115757,101.6,70,TRUE,pink,collected in 1998
VAV-0691,CHN,D,,,-1.616437,-2.107468,-1.742318,102.0,312,TRUE,purple,landrace
VAV-0692,IND,D,25.0169,77.2185,-1.352687,-1.620913,-1.257353,97.6,95,TRUE,pink,collected in 1998
VAV-0693,IND,B,16.5669,78.3059,1.816749,2.317743,-2.8137,95.6,39,TRUE,pink,collected in 1998
VAV-0694,MEX,C,25.8761,-110.8308,1.8949,-0.188259,-0.118502,116.6,29,TRUE,white,collected in 1998
VAV-0695,ETH,,13.4757,46.6033,1.76269,-0.88727,1.213428,127.0,44,TRUE,pink,cultivar
VAV-0696,PER,B,-15.5508,-76.747,-0.390778,3.026129,-1.959201,106.3,,TRUE,purple,landrace
VAV-0697,CHN,D,33.7308,102.5875,-1.236785,-2.45089,-1.08756,77.6,36,,purple,landrace
VAV-0698,ESP,A,38.911,-6.8796,-1.215813,0.78149,-0.165345,126.2,316,TRUE,pink,wild relative
VAV-0699,,B,-7.8024,-70.3325,0.828078,2.675982,-1.976376,112.3,193,TRUE,white,
VAV-0700,ETH,D,7.1734,42.5191,-0.183986,-1.878853,-0.074282,125.0,118,FALSE,white,landrace
VAV-0701,ESP,A,,,-3.33149,0.321553,0.471156,105.7,341,TRUE,purple,landrace
VAV-0702,CHN,D,38.5123,108.8475,0.259735,-2.259931,-0.508506,86.3,167,TRUE,pink,wild relative
VAV-0703,CHN,D,33.4273,114.475,0.545439,-1.976042,-0.200052,120.1,292,FALSE,pink,landrace
VAV-0704,PER,B,-9.0019,-73.6331,1.777162,0.75699,-0.464417,136.5,201,TRUE,purple,landrace
VAV-0705,CHN,D,32.7093,98.3965,-0.225473,-2.010167,-0.78019,125.7,255,TRUE,white,landrace
VAV-0706,,C,15.9213,22.7706,2.370467,-1.051779,0.189145,145.1,227,FALSE,pink,collected in 1998
VAV-0707,PER,B,-9.8139,-73.6471,2.219175,3.037483,0.181593,122.1,55,TRUE,white,wild relative
VAV-0708,CHN,D,36.0474,108.0773,-0.944918,-3.079465,0.207243,,352,TRUE,white,wild relative
VAV-0709,ETH,C,13.1374,36.258,2.098346,-0.252067,1.218687,125.5,283,TRUE,white,collected in 1998
VAV-0710,PER,B,-13.4933,-67.0148,1.684959,1.757447,-1.619659,92.7,386,FALSE,white,landrace
VAV-0711,CHN,D,,,-0.80163,-0.897609,0.05897,109.0,239,TRUE,pink,landrace
VAV-0712,PER,B,-5.3916,-73.3653,2.398829,1.403029,-0.723387,84.6,123,FALSE,white,cultivar
VAV-0713,IND,D,16.8072,68.418,-0.372197,-1.896905,-0.734131,99.1,62,TRUE,pink,
VAV-0714,ETH,C,,,1.802812,-1.670076,1.089371,107.9,119,FALSE,purple,landrace
VAV-0715,MEX,B,25.8701,-97.0008,1.045592,1.920404,-1.187126,105.7,196,TRUE,pink,
VAV-0716,PER,B,-11.2042,-76.9469,2.149287,2.105891,-0.783267,122.7,173,FALSE,purple,cultivar
VAV-0717,IND,D,28.6685,65.5493,-1.542317,-2.827535,-0.949309,129.2,343,FALSE,purple,landrace
VAV-0718,ETH,,12.9228,33.957,2.651136,-1.06002,0.675401,114.5,399,TRUE,,wild relative
VAV-0719,MEX,B,25.8661,-100.7767,1.458606,1.577056,-2.317864,103.3,175,TRUE,white,cultivar
VAV-0720,PER,B,-9.277,-65.5576,1.635855,1.687541,-0.889638,113.9,261,TRUE,pink,cultivar
VAV-0721,CHN,A,33.7954,101.4191,-1.284435,1.869224,1.161871,88.8,217,TRUE,purple,cultivar
VAV-0722,ESP,A,39.8363,-4.5466,-1.502653,0.856211,0.459925,146.0,71,TRUE,pink,landrace
VAV-0723,CHN,D,32.5242,105.6352,-0.875091,-2.705849,-1.524346,74.3,261,TRUE,white,wild relative
VAV-0724,IND,D,23.6009,85.9469,-1.587424,-1.129957,-1.409663,116.7,247,TRUE,pink,"seed bank, Córdoba"
VAV-0725,,B,-5.516,-74.7752,0.916845,2.326222,0.205313,92.5,255,TRUE,purple,"seed bank, Córdoba"
VAV-0726,,D,46.797,113.7542,-1.747172,-3.150873,-0.25453,92.9,373,TRUE,pink,collected in 1998
VAV-0727,CHN,D,35.6479,106.0252,-1.618989,-2.792061,-0.041668,93.7,52,TRUE,pink,landrace
VAV-0728,ESP,C,37.8322,-11.6179,2.301646,-1.755391,0.552054,73.8,344,TRUE,purple,"seed bank, Córdoba"
VAV-0729,CHN,D,32.8696,97.9068,-1.363311,-2.064143,-0.848932,121.4,333,TRUE,white,landrace
VAV-0730,MEX,B,22.1433,-97.2863,1.944482,2.752222,-0.121348,58.6,38,TRUE,purple,wild relative
VAV-0731,ETH,C,11.2486,35.6547,1.688739,-0.91797,1.498101,113.4,154,,purple,wild relative
VAV-0732,IND,D,23.2037,74.7848,-1.911454,-2.411741,-0.716003,,367,TRUE,purple,collected in 1998
VAV-0733,,C,24.4007,-102.7201,1.675424,-1.311517,1.176197,110.7,322,TRUE,purple,
VAV-0734,IND,D,16.4116,76.6832,-1.125407,-0.497372,-1.577527,105.8,93,TRUE,purple,"seed bank, Córdoba"
VAV-0735,ESP,A,,,-1.2685,0.613371,1.260186,152.5,289,TRUE,purple,landrace
VAV-0736,ESP,A,49.4082,-3.9671,-2.644014,0.667121,0.667853,113.3,121,TRUE,purple,wild relative
VAV-0737,CHN,D,30.8361,108.3818,-2.097398,-1.601599,0.359267,146.6,340,TRUE,pink,landrace
VAV-0738,PER,B,-14.0361,-76.0352,1.284071,2.93094,-2.653735,96.0,233,TRUE,white,wild relative
VAV-0739,CHN,D,41.4012,102.8202,-1.058627,-0.892823,-1.653923,116.3,104,TRUE,pink,cultivar
VAV-0740,IND,D,29.0082,81.5686,-0.913384,-2.790909,-0.696616,95.4,199,TRUE,white,
VAV-0741,MEX,B,22.3402,-103.5617,1.598667,2.145445,-0.712065,151.4,198,FALSE,white,cultivar
VAV-0742,ESP,A,,,-1.623998,0.720186,-0.505995,102.8,117,TRUE,pink,wild relative
VAV-0743,ETH,C,6.7817,37.1988,2.150461,-0.572607,0.629376,78.6,239,TRUE,pink,"seed bank, Córdoba"
VAV-0744,MEX,A,18.8385,-106.2138,-2.407596,2.886527,0.12103,92.5,37,FALSE,purple,cultivar
VAV-0745,IND,D,21.7296,75.6459,-1.745714,-1.76167,-0.174599,87.2,120,TRUE,white,wild relative
VAV-0746,PER,A,-16.5264,-72.8692,-1.595294,1.000829,2.187886,149.7,313,FALSE,pink,wild relative
VAV-0747,IND,D,23.4264,74.2639,-0.9681,-2.347159,-1.563299,120.1,383,TRUE,pink,cultivar
VAV-0748,ETH,C,4.6919,42.2249,1.957968,-0.71117,0.256605,118.2,57,TRUE,purple,landrace
VAV-0749,PER,B,-5.5595,-76.758,1.065892,1.191351,-1.388869,83.7,91,TRUE,purple,collected in 1998
VAV-0750,ESP,A,39.8651,-4.6554,-1.740511,1.921259,1.683012,72.8,135,FALSE,white,landrace
VAV-0751,MEX,,17.6111,-92.5772,2.1969,2.368104,-0.589523,,254,FALSE,,
VAV-0752,,B,-3.5451,-73.4013,1.801547,1.50473,-1.046282,111.7,381,TRUE,purple,wild relative
VAV-0753,MEX,B,21.9953,-106.3167,1.762551,2.325982,-0.066815,98.1,230,TRUE,purple,landrace
VAV-0754,ESP,A,48.2084,-13.3578,-3.388766,1.257094,1.360458,102.8,186,TRUE,pink,"seed bank, Córdoba"
VAV-0755,CHN,D,29.6768,105.5172,-1.691925,-2.313152,-0.360219,93.5,223,TRUE,purple,
VAV-0756,CHN,D,30.0371,114.4171,-1.346789,-2.325621,-0.868954,95.6,77,TRUE,pink,"seed bank, Córdoba"
VAV-0757,MEX,,25.7209,-94.0346,1.251096,1.693146,-0.519633,119.4,273,TRUE,pink,landrace
VAV-0758,PER,B,-8.6001,-72.0786,1.044393,3.329698,-1.679149,78.9,302,TRUE,white,landrace
VAV-0759,IND,D,16.0749,84.3076,-1.302475,-1.503283,1.094223,122.4,215,,pink,wild relative
VAV-0760,IND,D,21.0711,84.5789,-1.061262,-2.480778,-2.012269,111.9,28,TRUE,pink,"seed bank, Córdoba"
VAV-0761,ETH,C,5.7993,39.6131,1.43346,-2.012498,1.031897,97.4,295,TRUE,white,landrace
VAV-0762,IND,D,17.9086,79.2926,-1.021316,-2.01108,0.28693,142.7,,TRUE,purple,wild relative
VAV-0763,MEX,C,18.0506,-92.9154,1.479277,-1.560603,0.400212,134.6,22,TRUE,white,collected in 1998
VAV-0764,ETH,C,8.611,56.5141,2.585857,-0.35809,0.797285,115.8,106,FALSE,white,collected in 1998
VAV-0765,ESP,A,34.613,0.0873,-2.150988,0.745322,0.843238,141.3,29,TRUE,white,cultivar
VAV-0766,IND,D,27.4759,77.9811,-1.74638,-0.608559,-1.358884,113.1,40,TRUE,pink,collected in 1998
VAV-0767,CHN,D,33.0538,102.4127,0.00799,-1.878072,-1.003518,,232,FALSE,purple,cultivar
VAV-0768,MEX,C,22.7894,-96.3606,2.620364,0.349352,1.563302,120.3,209,TRUE,pink,landrace
VAV-0769,ETH,C,14.881,51.2836,0.366205,-3.264029,0.04595,131.8,344,TRUE,purple,cultivar
VAV-0770,IND,D,17.7833,78.3873,-1.039051,-1.842583,0.106077,119.6,354,FALSE,purple,
VAV-0771,ETH,C,14.9303,47.1678,1.629693,-1.224071,0.871463,116.0,342,TRUE,purple,wild relative
VAV-0772,ESP,A,41.4687,-7.2341,-2.136511,2.384082,0.428053,84.3,105,,purple,"seed bank, Córdoba"
VAV-0773,ETH,C,14.1992,41.7315,1.309699,-1.45259,0.132328,132.6,357,TRUE,purple,"seed bank, Córdoba"
VAV-0774,,A,31.8785,-102.3725,-1.1487,0.698459,0.538528,90.1,34,TRUE,white,collected in 1998
VAV-0775,ESP,,47.8227,-0.0345,-2.387718,0.63281,1.046432,146.6,,TRUE,purple,collected in 1998
VAV-0776,PER,B,-11.104,-75.5481,1.551283,3.863206,-1.611549,94.9,231,TRUE,white,landrace
VAV-0777,IND,D,22.323,75.5961,-0.244667,-1.127969,-1.44266,117.8,241,TRUE,purple,cultivar
VAV-0778,IND,D,19.2888,82.3388,-0.536601,-2.21944,-0.016259,126.2,107,TRUE,pink,"seed bank, Córdoba"
VAV-0779,PER,D,-11.605,-69.688,-0.972845,-0.792271,-0.715129,111.0,25,TRUE,pink,cultivar
VAV-0780,CHN,D,35.8178,105.6023,-2.089756,-1.495262,0.778185,72.9,373,TRUE,purple,
VAV-0781,ETH,,9.6582,39.602,2.180464,-1.525769,1.271077,100.1,73,TRUE,purple,collected in 1998
VAV-0782,ESP,A,36.4215,-15.1711,-1.652198,1.677108,0.491851,112.8,194,FALSE,,landrace
VAV-0783,CHN,D,39.4704,99.5816,-2.66447,-2.549558,-0.649664,101.7,156,TRUE,white,wild relative
VAV-0784,PER,B,-20.142,-71.0987,2.170294,1.983205,-0.875323,119.8,282,TRUE,white,wild relative
VAV-0785,ESP,A,49.0286,-8.3861,-1.278775,-0.5477,1.123342,140.5,311,FALSE,white,wild relative
VAV-0786,CHN,D,31.0808,108.182,-1.426093,-2.323859,0.052178,107.8,19,TRUE,pink,cultivar
VAV-0787,ETH,C,4.5307,38.79,2.177265,-2.663817,-0.384884,143.1,69,TRUE,pink,collected in 1998
VAV-0788,MEX,B,23.1332,-110.0441,1.441121,2.7436,-1.720317,138.2,399,TRUE,purple,collected in 1998
VAV-0789,PER,B,-19.4259,-67.9407,1.307597,1.350806,-0.684085,122.6,55,FALSE,purple,wild relative
VAV-0790,CHN,D,33.4186,96.9808,-0.213378,-1.971837,0.518724,105.1,213,TRUE,white,cultivar
VAV-0791,CHN,D,33.0172,107.9511,-0.366844,-2.073921,-2.26281,95.8,233,TRUE,pink,"seed bank, Córdoba"
VAV-0792,ESP,,36.1145,-1.5533,-3.284255,1.355921,0.586641,115.1,151,TRUE,white,cultivar
VAV-0793,CHN,D,35.3338,108.9058,-0.395408,-1.821668,-0.799618,132.0,306,TRUE,white,landrace
VAV-0794,ETH,C,9.152,30.7735,2.440857,-1.601669,2.145557,103.0,139,TRUE,white,cultivar
VAV-0795,ESP,A,38.8379,-3.5008,-1.836909,0.612657,-0.480517,153.3,264,TRUE,white,"seed bank, Córdoba"
VAV-0796,ETH,C,6.694,42.1315,2.194369,-3.094667,1.826446,97.5,287,TRUE,purple,cultivar
VAV-0797,ESP,A,38.2325,3.1136,-2.326798,0.058005,0.202915,98.5,144,TRUE,white,wild relative
VAV-0798,CHN,D,31.7115,94.1884,-1.546609,-3.462198,-0.547703,,133,FALSE,,cultivar
VAV-0799,CHN,D,32.8775,103.7641,-1.657139,-1.802433,-2.185369,105.8,373,TRUE,pink,wild relative
VAV-0800,ETH,C,12.828,40.2446,2.309419,-1.178862,2.163927,94.3,,TRUE,white,cultivar
VAV-0801,ESP,A,,,-2.66367,2.102243,-0.655692,96.0,201,TRUE,white,cultivar
VAV-0802,ETH,C,11.6332,32.0104,1.131608,-1.967496,0.414046,116.6,394,TRUE,purple,"seed bank, Córdoba"
VAV-0803,IND,D,21.427,79.8436,-0.499475,-2.084207,-0.508736,110.7,101,TRUE,purple,collected in 1998
VAV-0804,ESP,A,40.431,-8.9965,-0.722289,0.734377,0.574672,99.9,102,TRUE,,wild relative
VAV-0805,CHN,D,36.2711,104.4101,-1.094659,-1.882268,-0.95868,91.1,300,,white,wild relative
VAV-0806,MEX,B,18.4321,-108.2094,2.216715,1.518321,-0.931646,104.8,144,TRUE,purple,landrace
VAV-0807,CHN,D,30.013,107.6175,-0.162754,-2.951365,-1.252785,118.7,159,TRUE,,landrace
VAV-0808,IND,A,25.7872,89.6473,-2.353236,1.431534,0.195032,100.1,210,TRUE,,collected in 1998
VAV-0809,IND,B,20.9858,71.6753,1.773596,2.066839,-2.24629,154.9,92,TRUE,white,
VAV-0810,ETH,C,14.4856,35.0827,2.892325,-2.343543,0.990399,118.2,250,FALSE,purple,wild relative
VAV-0811,PER,B,-3.6748,-81.0742,1.202928,2.178308,-0.696317,105.6,7,FALSE,white,landrace
VAV-0812,ETH,C,16.4259,47.4273,2.658086,-2.379012,0.757163,111.8,275,TRUE,pink,landrace
VAV-0813,PER,B,-4.9597,-66.8576,2.200374,1.647554,0.04317,93.5,160,TRUE,purple,cultivar
VAV-0814,CHN,D,31.1679,103.9078,-1.522258,-2.362888,0.281596,83.0,228,TRUE,pink,wild relative
VAV-0815,MEX,B,23.1122,-108.2296,0.658426,2.615056,-0.63784,98.1,287,FALSE,purple,"seed bank, Córdoba"
VAV-0816,ETH,C,11.55,43.85,2.733867,-0.815262,0.993642,124.8,131,TRUE,purple,landrace
VAV-0817,PER,B,-10.0116,-81.8162,1.166744,1.610175,-0.002312,106.0,12,TRUE,purple,landrace
VAV-0818,ESP,A,40.2387,-8.237,-1.42715,0.254236,0.287526,106.9,257,FALSE,pink,landrace
VAV-0819,PER,B,-8.4591,-83.2474,1.40057,1.756182,-1.775151,85.1,28,TRUE,white,
VAV-0820,IND,D,17.8033,74.3281,-0.613857,-0.55534,0.577296,136.4,264,FALSE,pink,landrace
VAV-0821,MEX,B,21.9397,-100.5995,1.264334,1.189274,0.137464,123.4,307,TRUE,,landrace
VAV-0822,CHN,D,,,-1.248443,-1.649277,-0.212979,112.5,142,TRUE,purple,collected in 1998
VAV-0823,PER,A,-8.2468,-74.9862,-2.61812,1.066647,0.394896,125.8,211,TRUE,purple,landrace
VAV-0824,ETH,,1.8675,35.7364,1.555851,-0.586367,1.443453,121.1,98,TRUE,purple,cultivar
VAV-0825,PER,B,-11.4228,-79.6391,1.613878,0.868646,-0.504988,105.6,167,TRUE,white,wild relative
VAV-0826,MEX,B,21.5644,-108.5569,1.171192,3.375022,-0.595522,106.8,248,TRUE,purple,"seed bank, Córdoba"
VAV-0827,CHN,D,33.2777,99.8328,-1.495807,-1.35212,-1.606144,113.4,291,TRUE,pink,wild relative
VAV-0828,CHN,D,33.4623,104.148,-1.023531,-2.22108,-1.816532,89.5,62,TRUE,pink,cultivar
VAV-0829,ESP,A,39.1968,4.2626,-2.731862,1.601164,0.546812,108.2,246,FALSE,purple,"seed bank, Córdoba"
VAV-0830,IND,D,21.0441,83.5365,-2.223774,-2.587034,-0.249262,105.8,78,TRUE,purple,cultivar
VAV-0831,MEX,C,,,1.774297,-0.238691,2.20155,142.5,1,TRUE,purple,cultivar
VAV-0832,MEX,B,18.9515,-109.6832,0.878836,0.956131,-1.451176,123.9,23,TRUE,purple,wild relative
VAV-0833,PER,B,-11.3585,-75.4647,1.413018,0.904315,-2.372516,124.9,199,TRUE,pink,cultivar
VAV-0834,ETH,C,,,1.778506,-0.271993,2.305467,103.6,77,TRUE,pink,cultivar
VAV-0835,PER,B,-4.8027,-73.6975,1.120737,1.87255,-2.297709,125.9,313,TRUE,pink,collected in 1998
VAV-0836,PER,D,-11.8088,-79.9302,0.205148,-2.16816,-1.5306,102.4,42,TRUE,purple,cultivar
VAV-0837,CHN,D,33.8734,113.1782,-0.514303,-1.458689,-1.368425,120.6,146,TRUE,white,"seed bank, Córdoba"
VAV-0838,ETH,C,4.4871,49.2026,2.758664,-1.381384,1.031119,113.9,48,TRUE,pink,collected in 1998
VAV-0839,MEX,B,23.1171,-104.4392,2.24594,1.329198,-1.704686,112.9,256,TRUE,white,cultivar
VAV-0840,ESP,A,,,-1.94128,1.634328,-0.177371,110.3,156,TRUE,purple,collected in 1998
VAV-0841,ESP,C,47.4566,-11.3874,2.240671,-1.544475,0.981639,135.1,346,TRUE,purple,collected in 1998
VAV-0842,ETH,C,11.9922,53.4147,2.181247,-1.124879,1.204849,108.5,257,TRUE,pink,landrace
VAV-0843,CHN,D,33.4933,110.1189,-0.901541,-2.152812,0.489738,121.2,,TRUE,purple,
VAV-0844,ETH,C,23.3098,41.6404,1.842609,-1.557469,0.419691,114.4,369,TRUE,white,cultivar
VAV-0845,ETH,C,10.5098,34.3834,2.017239,-1.816277,1.352796,86.4,53,TRUE,purple,"seed bank, Córdoba"
VAV-0846,ESP,A,41.0072,3.9552,-1.508443,0.606816,0.125043,102.0,53,TRUE,purple,landrace
VAV-0847,ETH,C,3.759,38.4529,1.44709,-2.558219,0.013609,71.8,210,TRUE,pink,
VAV-0848,IND,D,17.5148,75.0633,-0.251926,-2.620769,-1.837596,149.7,350,TRUE,pink,landrace
VAV-0849,ESP,A,38.2482,0.4293,-1.463552,1.492141,0.327429,118.2,137,TRUE,white,landrace
VAV-0850,ETH,C,12.3211,49.8401,1.002495,-1.423107,2.112567,100.0,281,TRUE,purple,landrace
VAV-0851,PER,B,-7.0969,-68.9557,1.180154,1.224884,-2.643993,93.2,315,TRUE,pink,collected in 1998
VAV-0852,PER,D,-8.1969,-71.9037,-0.893747,-0.983581,-1.048911,109.1,344,TRUE,,wild relative
VAV-0853,ESP,A,41.0278,-2.3067,-2.37354,0.777741,-0.781178,116.0,181,TRUE,,cultivar
VAV-0854,MEX,B,18.2917,-97.4281,2.207467,2.970372,-1.60144,126.5,174,TRUE,pink,"seed bank, Córdoba"
VAV-0855,PER,B,-7.516,-80.3644,0.36294,2.194412,-1.296239,108.0,49,TRUE,,wild relative
VAV-0856,ETH,C,12.0004,34.254,1.301604,-3.300996,2.139539,99.8,282,FALSE,purple,collected in 1998
VAV-0857,IND,D,17.5499,76.0341,-0.245613,-2.145399,-0.54747,96.4,390,FALSE,white,landrace
VAV-0858,ESP,A,,,-2.358059,0.599616,1.235929,131.0,150,TRUE,pink,"seed bank, Córdoba"
VAV-0859,MEX,B,23.6717,-96.275,1.48597,1.616633,-0.747865,147.2,24,TRUE,purple,
VAV-0860,MEX,B,20.2462,-101.1642,1.247485,1.334163,-0.518296,110.6,210,TRUE,white,collected in 1998
VAV-0861,ETH,D,9.77,37.2118,-0.593208,-2.065492,-0.120954,73.0,292,TRUE,white,"seed bank, Córdoba"
VAV-0862,CHN,D,40.4489,108.2316,-1.710927,-1.955302,-0.385302,130.4,94,FALSE,purple,cultivar
VAV-0863,ETH,C,13.3419,45.4111,1.708586,-0.483888,1.558156,135.5,30,TRUE,purple,"seed bank, Córdoba"
VAV-0864,CHN,D,37.4752,107.7323,-0.429635,-0.519378,-0.310454,129.4,131,TRUE,white,cultivar
VAV-0865,IND,D,23.7149,69.4731,-0.82779,-2.967541,-1.788392,112.4,110,TRUE,white,"seed bank, Córdoba"
VAV-0866,CHN,D,33.7419,99.7973,-1.020012,-1.910693,-1.09959,126.0,257,TRUE,pink,landrace
VAV-0867,ETH,C,6.8258,33.7693,3.052286,-1.189882,0.218274,91.3,230,TRUE,pink,cultivar
VAV-0868,CHN,D,35.2117,105.0692,-1.390629,-1.705445,0.063907,130.7,153,TRUE,white,wild relative
VAV-0869,MEX,B,,,1.902677,1.364391,-0.945149,106.6,74,FALSE,,collected in 1998
VAV-0870,MEX,B,26.8035,-101.4843,1.925442,1.700195,-0.705293,125.0,121,TRUE,,landrace
VAV-0871,ESP,A,35.5647,-2.0231,-1.625911,0.708096,2.071879,103.0,90,TRUE,pink,landrace
VAV-0872,ETH,C,11.0574,27.2995,2.048242,-1.754382,0.5707,103.0,150,TRUE,white,cultivar
VAV-0873,ESP,C,49.9678,-12.904,2.40743,-1.710677,1.025873,113.5,133,TRUE,white,landrace
VAV-0874,ETH,D,9.6122,46.4074,-1.037333,-2.742591,-0.37056,91.4,396,TRUE,pink,"seed bank, Córdoba"
VAV-0875,ESP,A,35.1336,-10.0458,-2.079718,-0.134979,1.825138,101.9,56,FALSE,pink,collected in 1998
VAV-0876,ETH,B,9.5538,37.7214,1.272485,1.415767,-1.353095,88.0,362,FALSE,pink,"seed bank, Córdoba"
VAV-0877,ESP,A,,,-0.764453,0.678521,0.716673,126.6,105,TRUE,pink,collected in 1998
VAV-0878,ESP,D,,,-1.063125,-2.034138,-0.31414,74.2,367,TRUE,purple,landrace
VAV-0879,IND,D,19.8338,71.8639,0.134165,-1.2636,0.531465,128.2,82,TRUE,purple,cultivar
VAV-0880,IND,D,16.6274,83.7839,-0.918986,-2.842159,-1.960005,144.1,156,TRUE,white,collected in 1998
VAV-0881,ESP,A,38.9759,-2.6239,-2.792354,0.720932,0.264185,118.3,198,TRUE,purple,
VAV-0882,ETH,,8.5416,26.8445,1.901671,-0.729583,0.035264,131.9,254,TRUE,purple,"seed bank, Córdoba"
VAV-0883,CHN,D,37.8357,99.1945,-2.207466,-1.394784,-0.807744,124.8,190,TRUE,purple,cultivar
VAV-0884,CHN,D,34.2344,104.9182,-1.326815,-1.873087,-0.689547,105.8,176,TRUE,white,cultivar
VAV-0885,IND,D,22.8401,72.0767,0.271566,-1.223779,0.676282,89.7,306,FALSE,purple,landrace
VAV-0886,PER,B,-10.9684,-70.0289,1.222709,2.283496,-1.054068,,312,FALSE,white,
VAV-0887,MEX,D,19.1617,-104.9705,-1.285941,-0.849607,-0.819736,108.4,240,,white,"seed bank, Córdoba"
VAV-0888,ESP,A,44.5911,-3.1713,-2.783848,1.221022,0.444952,118.3,192,TRUE,,"seed bank, Córdoba"
VAV-0889,MEX,B,24.8451,-101.7458,1.446346,2.296068,-0.280614,97.7,37,TRUE,purple,landrace
VAV-0890,ETH,C,11.7408,35.1985,1.50494,-2.349046,0.688476,143.9,228,TRUE,white,cultivar
VAV-0891,MEX,B,20.7656,-111.9662,-0.303834,2.047612,-0.468961,111.4,335,TRUE,purple,wild relative
VAV-0892,MEX,B,20.3813,-101.8703,1.419301,2.643724,-2.071417,,232,TRUE,white,landrace
VAV-0893,IND,D,22.6451,85.8115,-0.614657,-0.820865,-0.591875,136.0,56,,pink,landrace
VAV-0894,PER,B,-3.0476,-74.144,1.577308,2.823452,-1.18372,115.5,153,TRUE,pink,wild relative
VAV-0895,MEX,B,24.1245,-100.2862,0.446923,1.78158,-1.190477,111.4,42,FALSE,pink,cultivar
VAV-0896,CHN,D,40.4384,102.9706,-0.110509,-2.811867,-1.191486,114.5,127,TRUE,pink,"seed bank, Córdoba"
VAV-0897,MEX,B,32.5583,-96.9878,2.486644,2.156179,-0.530497,112.2,31,FALSE,pink,
VAV-0898,PER,B,-17.102,-65.5505,1.923444,1.515318,-1.709843,113.3,106,TRUE,pink,landrace
VAV-0899,PER,B,-8.7091,-73.7497,1.318605,2.383897,0.239149,90.4,136,TRUE,white,cultivar
VAV-0900,MEX,B,22.7922,-91.545,2.043977,1.260266,-0.558809,114.0,366,FALSE,pink,"seed bank, Córdoba"
VAV-0901,CHN,D,37.7603,105.4158,-0.794154,-0.998889,-1.156029,109.6,150,TRUE,pink,wild relative
VAV-0902,PER,B,-9.415,-70.8901,1.27335,0.430752,-0.521829,128.2,366,TRUE,pink,landrace
VAV-0903,ESP,A,39.3171,0.9142,-3.796353,0.470061,-0.873183,86.5,196,FALSE,pink,wild relative
VAV-0904,MEX,B,24.9669,-101.8239,1.40791,2.052694,-0.43265,144.1,246,TRUE,pink,
VAV-0905,MEX,B,28.106,-111.634,0.641577,2.447135,-0.76193,120.7,105,TRUE,pink,landrace
VAV-0906,ESP,A,33.5355,-0.6571,-2.641287,1.066717,1.048959,76.6,106,TRUE,white,collected in 1998
VAV-0907,CHN,D,39.7425,110.6865,-1.597126,-1.83165,0.133484,101.7,256,TRUE,pink,cultivar
VAV-0908,CHN,,36.4698,99.9007,-1.271366,-1.556844,-0.360719,102.7,307,TRUE,white,"seed bank, Córdoba"
VAV-0909,ESP,A,43.0973,2.123,-1.832261,1.40281,1.04585,121.2,,TRUE,purple,cultivar
VAV-0910,ESP,A,40.5833,5.1407,-2.380568,0.834152,0.308882,130.6,159,TRUE,purple,"seed bank, Córdoba"
VAV-0911,CHN,D,37.3669,111.519,-0.938257,-1.506762,-0.804433,131.1,204,TRUE,purple,landrace
VAV-0912,ESP,A,33.475,3.5102,-2.445216,0.061012,0.664882,102.9,196,FALSE,pink,"seed bank, Córdoba"
VAV-0913,IND,D,16.4819,73.5248,-2.109137,-2.378994,-1.62953,96.5,347,TRUE,purple,
VAV-0914,,B,17.8773,-94.8051,1.17846,2.16008,0.317486,102.5,174,,purple,cultivar
VAV-0915,ESP,A,37.7306,5.7107,-1.623903,0.953889,0.298724,118.2,69,TRUE,pink,cultivar
VAV-0916,ETH,C,8.6753,34.6069,2.561509,-1.798462,0.866858,128.6,70,TRUE,white,collected in 1998
VAV-0917,MEX,B,27.5812,-100.4509,-0.45993,1.937287,-1.0308,65.2,182,TRUE,white,cultivar
VAV-0918,CHN,,33.0481,101.2641,1.401317,1.834634,-0.314028,115.7,360,TRUE,purple,wild relative
VAV-0919,PER,B,-9.1559,-77.4548,0.118822,1.4164,-1.168078,95.3,168,TRUE,white,"seed bank, Córdoba"
VAV-0920,ESP,A,44.5239,-5.7273,-2.216752,1.383571,-0.730114,110.5,146,TRUE,pink,"seed bank, Córdoba"
VAV-0921,CHN,D,38.1766,114.5521,-0.446697,-1.63081,-1.536689,100.0,95,TRUE,white,wild relative
VAV-0922,,D,38.7599,111.3296,0.283464,-3.177087,-1.168776,103.6,14,FALSE,pink,collected in 1998
VAV-0923,ETH,A,7.9289,31.4265,-1.553403,1.48765,2.043225,137.8,231,FALSE,pink,collected in 1998
VAV-0924,ESP,A,,,-2.131108,0.593414,-0.076218,95.9,366,TRUE,purple,wild relative
VAV-0925,ESP,A,41.712,-7.2627,-2.319823,-0.344513,-0.920039,115.2,15,TRUE,pink,"seed bank, Córdoba"
VAV-0926,PER,B,-11.3212,-78.9379,0.209797,1.891554,-0.502489,77.4,231,TRUE,purple,"seed bank, Córdoba"
VAV-0927,CHN,D,36.2281,87.8177,-1.354164,-1.630084,-0.846909,111.1,163,TRUE,pink,
VAV-0928,MEX,A,23.0517,-94.9686,-2.748954,0.487291,-0.136197,132.0,95,TRUE,pink,"seed bank, Córdoba"
VAV-0929,MEX,D,12.5155,-96.8136,-0.584593,-0.929644,-0.394684,100.0,40,TRUE,white,collected in 1998
VAV-0930,IND,D,,,-0.612045,-1.523038,-0.14531,80.1,256,TRUE,purple,"seed bank, Córdoba"
VAV-0931,PER,B,-12.484,-74.2945,2.689041,3.575463,-2.321174,84.8,386,TRUE,pink,collected in 1998
VAV-0932,ESP,A,43.8967,-14.9423,-1.294146,1.120883,0.908238,114.0,41,TRUE,pink,landrace
VAV-0933,PER,B,-14.5209,-72.8122,0.543577,1.810589,-0.922,103.2,250,TRUE,white,wild relative
VAV-0934,PER,D,-11.9917,-79.3944,-0.950933,-3.085753,-0.846724,131.2,232,TRUE,purple,collected in 1998
VAV-0935,IND,D,15.4494,70.3343,-1.314103,-1.597154,-0.330728,129.6,267,TRUE,white,cultivar
VAV-0936,PER,B,-11.6254,-72.6533,2.71846,2.105798,-1.001263,97.0,321,FALSE,purple,cultivar
VAV-0937,MEX,B,19.158,-120.2528,2.732927,1.830799,-1.948123,61.1,57,TRUE,purple,wild relative
VAV-0938,CHN,D,34.7437,102.4419,-0.740084,-3.097319,-0.645306,129.5,344,TRUE,white,collected in 1998
VAV-0939,ETH,C,4.8318,26.8473,3.527456,-2.451682,0.848329,105.3,366,TRUE,,landrace
VAV-0940,MEX,B,20.3711,-109.1995,0.682459,1.616785,-0.823841,109.2,289,TRUE,white,cultivar
VAV-0941,IND,D,19.8772,83.5272,-1.532742,-0.851524,-0.570265,115.4,313,FALSE,purple,cultivar
VAV-0942,ETH,B,7.5923,40.9621,1.667806,2.092957,-1.155584,100.9,353,TRUE,white,landrace
VAV-0943,IND,D,19.8626,86.8467,-1.381333,-1.893835,0.659398,140.3,171,FALSE,white,cultivar
VAV-0944,MEX,B,25.2335,-103.3553,2.069085,2.841252,-0.027515,123.4,225,FALSE,pink,landrace
VAV-0945,MEX,B,27.6279,-105.7285,1.48168,2.434081,-1.667985,138.9,273,FALSE,purple,"seed bank, Córdoba"
VAV-0946,IND,D,19.4541,93.5777,-0.60676,-2.405117,-0.045172,130.3,394,TRUE,purple,collected in 1998
VAV-0947,CHN,D,,,-1.522313,-1.153451,-0.436651,138.5,327,TRUE,purple,landrace
VAV-0948,MEX,B,23.4836,-103.1147,1.177276,1.27326,-0.757533,105.7,281,TRUE,purple,landrace
VAV-0949,ETH,C,8.4277,42.2813,1.668543,-1.861161,0.534604,108.9,123,TRUE,pink,
VAV-0950,CHN,D,39.9288,99.6335,-0.69509,-3.861684,0.078859,106.5,153,TRUE,pink,landrace
VAV-0951,ETH,C,13.0644,35.1981,2.131562,-1.793083,1.526052,112.4,344,TRUE,white,landrace
VAV-0952,ESP,A,37.5087,-5.1887,-1.633757,0.742329,0.084309,106.3,354,TRUE,white,landrace
VAV-0953,ESP,A,47.9873,0.7809,-0.647307,0.8349,0.531337,127.9,189,FALSE,pink,"seed bank, Córdoba"
VAV-0954,CHN,D,29.6577,98.205,-1.439303,-1.558765,-1.282118,150.0,240,TRUE,pink,wild relative
VAV-0955,,B,-5.2577,-83.0231,1.893907,1.618984,-1.305922,,351,TRUE,purple,
VAV-0956,PER,B,-4.0358,-81.0518,1.226483,3.680747,-0.338825,138.2,,TRUE,white,wild relative
VAV-0957,CHN,D,31.2407,112.5947,-0.726875,-1.74168,-0.106129,103.0,148,TRUE,purple,"seed bank, Córdoba"
VAV-0958,CHN,D,39.2327,102.3599,-0.322487,-1.723887,-0.955828,115.6,233,TRUE,pink,collected in 1998
VAV-0959,MEX,B,22.8445,-111.3035,1.976844,1.823023,-1.373737,127.2,300,TRUE,purple,landrace
VAV-0960,CHN,D,34.322,102.2513,-0.194157,-2.300653,0.067852,89.6,276,TRUE,pink,wild relative
VAV-0961,MEX,B,24.3699,-100.9323,2.407451,2.660197,0.11956,95.0,131,,purple,wild relative
VAV-0962,MEX,B,14.8068,-99.4662,2.556263,2.451804,-1.145699,106.9,185,TRUE,white,landrace
VAV-0963,MEX,B,20.3593,-90.7976,0.552345,2.177958,-0.803174,114.6,234,TRUE,white,
VAV-0964,MEX,B,21.8683,-98.9497,0.295312,2.207386,-0.707322,95.4,371,TRUE,pink,
VAV-0965,ETH,C,9.9364,44.0087,1.523886,-0.891841,1.329531,113.6,317,TRUE,pink,wild relative
VAV-0966,CHN,D,42.1618,112.7266,-0.609435,-1.749248,0.832208,137.5,346,FALSE,pink,landrace
VAV-0967,IND,D,22.0828,75.782,-1.130692,-2.473922,-1.258832,90.5,354,TRUE,white,collected in 1998
VAV-0968,ETH,C,3.7421,38.8052,1.944703,-2.961719,-0.033813,93.1,137,TRUE,,
VAV-0969,ETH,C,14.007,35.4018,1.807469,-0.528211,0.534489,124.6,242,TRUE,pink,collected in 1998
VAV-0970,PER,B,-10.8066,-79.1911,1.876574,2.600078,-0.662195,105.2,221,TRUE,pink,collected in 1998
VAV-0971,ETH,B,5.2983,40.2864,1.9473,1.833285,-0.914662,79.5,333,TRUE,purple,cultivar
VAV-0972,ETH,C,8.0834,32.1592,1.474699,-2.462069,1.206137,127.1,354,TRUE,white,collected in 1998
VAV-0973,,D,16.3272,72.5964,-1.316899,-1.069296,-0.218028,100.8,331,TRUE,white,collected in 1998
VAV-0974,,B,-7.4371,-72.3057,1.548629,1.049683,-0.233702,120.3,362,FALSE,purple,cultivar
VAV-0975,PER,B,-18.0311,-82.4775,1.078902,1.542877,-0.759243,86.0,185,TRUE,white,landrace
VAV-0976,MEX,C,18.7202,-108.6606,2.175997,-1.110734,2.099608,144.7,150,TRUE,,"seed bank, Córdoba"
VAV-0977,CHN,D,30.735,106.7979,-1.488466,-2.166162,0.970556,131.0,207,TRUE,white,wild relative
VAV-0978,PER,B,-6.1238,-71.9688,2.040403,2.930142,-1.36753,74.9,215,TRUE,pink,"seed bank, Córdoba"
VAV-0979,ESP,A,,,-1.746916,2.062193,0.738802,108.2,392,FALSE,purple,wild relative
VAV-0980,ESP,A,38.6464,-7.5325,-2.514568,0.966878,0.588779,89.2,214,TRUE,white,collected in 1998
VAV-0981,IND,D,29.4563,87.9378,-0.941963,-1.398022,-0.533442,107.6,282,TRUE,white,landrace
VAV-0982,ETH,C,8.9929,41.8577,2.108413,-1.419312,1.607318,114.1,54,TRUE,purple,collected in 1998
VAV-0983,PER,B,-11.5214,-62.3667,2.749743,2.139555,0.370459,123.2,360,TRUE,pink,collected in 1998
VAV-0984,,A,33.2563,107.1348,-2.389139,0.398672,1.019414,96.9,192,TRUE,white,cultivar
VAV-0985,ETH,C,13.0194,35.474,1.282374,-1.554766,0.989997,95.9,245,TRUE,purple,"seed bank, Córdoba"
VAV-0986,ETH,C,10.4637,45.6253,2.755934,-1.456893,0.853496,98.7,,TRUE,white,collected in 1998
VAV-0987,CHN,D,38.5221,106.6668,-2.806585,-1.121653,-0.490521,126.4,,FALSE,purple,cultivar
VAV-0988,ETH,C,,,2.588839,-0.515413,0.226428,108.5,103,TRUE,pink,"seed bank, Córdoba"
VAV-0989,ETH,C,6.0845,39.5994,1.373892,-1.535,0.624643,93.1,398,TRUE,white,
VAV-0990,CHN,D,32.498,111.6386,-2.133127,-2.846722,-1.111873,82.7,273,FALSE,white,collected in 1998
VAV-0991,ETH,C,,,1.430122,-1.652858,1.002687,,214,TRUE,pink,"seed bank, Córdoba"
VAV-0992,ETH,C,8.8139,40.7734,1.766964,-0.488802,0.670099,111.2,158,TRUE,purple,collected in 1998
VAV-0993,PER,B,-18.1738,-73.7209,0.519,2.386522,0.104639,108.1,17,TRUE,purple,landrace
VAV-0994,ESP,A,44.6167,-2.381,-1.91583,0.551063,1.025899,110.0,125,FALSE,pink,cultivar
VAV-0995,PER,B,-13.035,-82.4277,1.50809,1.572097,-0.634751,91.2,307,TRUE,pink,
VAV-0996,IND,D,18.2583,76.326,-0.832513,-1.743589,0.113896,157.4,356,FALSE,white,"seed bank, Córdoba"
VAV-0997,PER,,-8.3913,-69.8893,2.055503,1.845617,-0.698916,,211,TRUE,pink,landrace
VAV-0998,ETH,C,10.1294,43.9294,1.406761,-1.529155,1.358451,120.4,204,TRUE,pink,
VAV-0999,MEX,B,19.0022,-117.3629,1.64043,3.666155,-1.717113,,244,FALSE,white,collected in 1998
VAV-1000,ETH,C,10.8237,44.5079,2.110757,-2.498877,1.081339,106.8,97,TRUE,pink,cultivar
VAV-1001,MEX,B,24.1,-93.2483,1.080762,0.652694,-2.345285,103.4,,TRUE,white,cultivar
VAV-1002,ESP,A,35.4163,-5.1539,-2.237721,1.280852,1.693863,146.8,95,TRUE,,collected in 1998
VAV-1003,IND,C,,,2.031802,-1.620121,0.968386,106.7,349,TRUE,pink,collected in 1998
VAV-1004,CHN,D,31.4679,89.828,-1.05115,-1.655698,0.079379,79.1,70,FALSE,white,"seed bank, Córdoba"
VAV-1005,ETH,C,11.4792,40.1111,2.498422,-0.340289,0.037313,104.5,187,TRUE,pink,
VAV-1006,ESP,A,42.7774,-14.5962,-2.25205,1.50144,0.932345,108.0,173,TRUE,pink,
VAV-1007,ESP,,40.9037,-15.0239,-0.920427,-3.465946,-1.835244,129.9,219,TRUE,pink,wild relative
VAV-1008,IND,D,18.8879,87.2752,-0.151172,-2.059409,-1.366877,117.8,45,FALSE,pink,cultivar
VAV-1009,IND,D,22.1378,80.1971,-0.555469,-2.719906,-0.176824,91.9,48,TRUE,pink,collected in 1998
VAV-1010,ESP,,43.4175,-10.1174,-2.352313,1.429456,0.100078,,364,TRUE,pink,cultivar
VAV-1011,CHN,D,31.4252,105.0713,-0.081973,-2.322463,-0.459969,110.8,148,TRUE,pink,cultivar
VAV-1012,ESP,A,45.0809,-1.0053,-1.694247,1.366046,1.142988,107.2,301,TRUE,pink,wild relative
VAV-1013,IND,D,16.5547,75.8166,-2.538143,-2.52351,-0.442667,115.4,67,TRUE,purple,collected in 1998
VAV-1014,ESP,B,34.4539,3.7168,2.393624,2.528874,-0.829994,92.7,99,TRUE,purple,
VAV-1015,ETH,C,12.7134,39.5255,1.206213,-1.988233,0.627483,105.0,192,TRUE,pink,wild relative
VAV-1016,ETH,C,15.2459,41.317,2.707908,-0.993326,1.031807,123.7,6,FALSE,white,landrace
VAV-1017,ETH,C,6.2103,32.5401,2.118837,-2.556362,0.788959,133.6,214,TRUE,white,cultivar
VAV-1018,MEX,B,23.3082,-101.5082,0.709677,1.906908,-0.542318,110.0,373,TRUE,purple,wild relative
VAV-1019,MEX,A,17.2286,-99.2333,-2.951777,0.408784,0.63442,134.6,75,TRUE,purple,landrace
VAV-1020,PER,B,-3.8094,-67.9105,1.322235,2.897617,-0.931499,85.7,263,TRUE,purple,wild relative
VAV-1021,ESP,A,41.0714,-6.601,-1.32857,1.614409,1.001507,107.8,46,TRUE,white,"seed bank, Córdoba"
VAV-1022,PER,B,-7.6642,-80.3725,3.008167,2.307434,-0.797761,117.6,185,TRUE,purple,cultivar
VAV-1023,ETH,C,8.278,36.5495,1.125691,-1.317208,0.736716,79.8,123,TRUE,purple,cultivar
VAV-1024,CHN,D,33.0252,97.5839,-1.267334,-2.177559,-0.548394,119.9,262,TRUE,white,cultivar
VAV-1025,PER,B,-12.73,-79.1067,1.155883,1.395022,-1.678602,129.7,176,TRUE,white,collected in 1998
VAV-1026,MEX,B,,,1.244313,2.119743,-0.99159,108.3,298,TRUE,white,wild relative
VAV-1027,CHN,,36.214,96.7083,-1.545009,-1.383439,-0.163628,103.1,50,TRUE,white,collected in 1998
VAV-1028,MEX,B,26.1095,-92.9522,1.915129,1.506177,-0.63422,69.6,294,TRUE,pink,wild relative
VAV-1029,ETH,A,21.0123,41.6122,-0.622531,1.541292,1.961454,116.6,174,FALSE,white,wild relative
VAV-1030,CHN,D,37.2306,98.4471,-0.873313,-2.66095,-1.134237,105.7,86,TRUE,white,"seed bank, Córdoba"
VAV-1031,MEX,B,33.7098,-109.4935,1.34586,2.569405,-0.793599,113.9,127,FALSE,purple,wild relative
VAV-1032,IND,D,18.8327,71.8223,-0.703381,-1.733521,-1.024731,111.8,340,TRUE,white,landrace
VAV-1033,MEX,A,31.8259,-104.7656,-1.579508,1.110538,0.994782,118.2,107,FALSE,white,landrace
VAV-1034,CHN,D,29.3694,97.1391,-0.627076,-2.874026,-0.713618,131.9,118,TRUE,purple,cultivar
VAV-1035,ETH,C,12.9554,35.3095,2.266576,-1.039005,0.687908,96.7,21,TRUE,pink,"seed bank, Córdoba"
VAV-1036,ESP,A,43.0882,-2.4245,-1.346957,0.836728,-0.256514,106.4,128,TRUE,white,wild relative
VAV-1037,ESP,C,41.7241,-2.0499,1.530068,-1.988156,0.875319,,57,TRUE,purple,landrace
VAV-1038,PER,B,-10.8602,-70.6562,0.429306,1.852012,-1.146041,133.5,325,TRUE,purple,"seed bank, Córdoba"
VAV-1039,ETH,C,1.7345,29.8558,2.618865,-2.141727,-0.064386,87.0,46,TRUE,purple,
VAV-1040,CHN,C,35.6002,105.9117,1.454347,-2.150671,0.623803,100.9,51,TRUE,white,"seed bank, Córdoba"
VAV-1041,PER,,-12.9099,-78.5597,0.827295,1.445913,0.159363,118.4,58,TRUE,purple,collected in 1998
VAV-1042,ESP,A,34.3431,-3.6393,-1.76119,0.517169,0.934246,115.9,353,,pink,cultivar
VAV-1043,IND,D,17.4327,67.7142,-0.998582,-1.37981,-0.903914,134.8,284,TRUE,purple,
VAV-1044,ESP,A,44.7402,-15.0624,-2.71006,1.209721,0.056278,,343,FALSE,purple,wild relative
VAV-1045,ESP,A,36.8422,6.3563,-1.922746,1.150069,1.126553,106.6,55,FALSE,,collected in 1998
VAV-1046,MEX,B,24.3834,-102.8662,0.021668,2.089708,-1.577479,87.4,373,TRUE,purple,cultivar
VAV-1047,CHN,D,42.4064,100.894,-1.169528,-1.255298,-0.336539,58.5,176,TRUE,white,wild relative
VAV-1048,MEX,D,27.5158,-98.2507,0.127315,-2.553945,-0.682334,86.2,165,TRUE,white,landrace
VAV-1049,PER,D,-11.2978,-82.428,-1.548268,-0.81412,-1.08635,122.3,,TRUE,pink,cultivar
VAV-1050,MEX,,27.1771,-95.3345,1.026938,3.0778,-0.91638,85.8,237,TRUE,purple,cultivar
VAV-1051,IND,C,19.6609,81.128,1.36172,-1.97462,1.683076,132.9,228,FALSE,pink,
VAV-1052,MEX,B,23.408,-99.9039,2.174983,1.151279,-1.009249,,304,FALSE,purple,
VAV-1053,CHN,D,38.8489,107.1142,-1.915078,-1.574989,-1.355682,103.8,183,TRUE,,landrace
VAV-1054,MEX,B,23.656,-101.9978,1.818915,1.860402,-0.498011,154.1,163,TRUE,purple,cultivar
VAV-1055,ETH,A,9.2011,33.3077,-1.685112,0.737987,0.737337,102.1,262,TRUE,pink,wild relative
VAV-1056,IND,B,26.5636,81.7595,1.274203,0.753156,-2.186616,84.6,165,TRUE,white,wild relative
VAV-1057,CHN,D,37.6624,104.3843,-0.690513,-2.408285,-0.362375,102.5,,TRUE,pink,landrace
VAV-1058,,A,10.9585,32.7585,-2.362341,0.015872,-0.104381,104.9,205,FALSE,purple,collected in 1998
VAV-1059,PER,,-6.729,-71.4608,1.627505,1.608033,-1.089205,89.5,94,TRUE,purple,landrace
VAV-1060,ETH,,2.899,33.1686,2.122842,-0.850861,1.462437,125.1,61,TRUE,purple,
VAV-1061,ESP,A,46.0506,-13.4637,-3.04929,0.92762,-0.017989,98.7,215,TRUE,pink,"seed bank, Córdoba"
VAV-1062,ETH,B,9.3363,41.7559,1.632677,1.762197,-1.126204,119.5,180,TRUE,white,cultivar
VAV-1063,ETH,D,11.1506,37.0534,-1.164868,-1.991648,-0.755778,113.9,278,TRUE,pink,
VAV-1064,CHN,D,31.1256,102.7514,-2.689481,-0.412406,-0.984422,128.8,44,TRUE,purple,collected in 1998
VAV-1065,MEX,,21.9108,-99.4647,1.597596,2.021715,-0.915238,120.2,138,TRUE,purple,"seed bank, Córdoba"
VAV-1066,MEX,B,23.1858,-98.0385,1.159288,0.842326,0.373096,90.3,355,TRUE,purple,cultivar
VAV-1067,ESP,A,37.1978,4.7762,-1.547878,0.636923,0.303186,132.1,31,,white,collected in 1998
VAV-1068,PER,B,-11.5782,-73.4338,2.467948,1.513117,-1.989872,130.6,,TRUE,white,wild relative
VAV-1069,ESP,A,,,-2.459441,0.113121,1.023437,134.8,57,TRUE,pink,cultivar
VAV-1070,IND,,18.304,81.4313,-2.225967,-3.074167,0.684216,102.3,91,TRUE,white,"seed bank, Córdoba"
VAV-1071,CHN,D,36.2558,112.9546,-1.377612,-1.65021,-0.600874,126.2,70,TRUE,pink,landrace
VAV-1072,ESP,A,41.5589,-1.7806,-1.698076,1.015316,-0.606476,126.3,40,TRUE,white,cultivar
VAV-1073,ESP,D,38.3682,-22.6713,-1.097115,-3.241369,0.487284,163.7,97,,,landrace
VAV-1074,,A,43.3411,10.4033,-2.064357,1.943539,-0.974988,112.8,91,TRUE,white,collected in 1998
VAV-1075,CHN,D,31.4727,111.2461,-1.308816,-2.829884,-0.234269,124.2,125,TRUE,pink,
VAV-1076,,,16.5369,78.0843,-0.533419,-1.33667,-1.716359,,102,TRUE,,"seed bank, Córdoba"
VAV-1077,MEX,B,30.3436,-104.7613,2.465539,1.38443,-0.268133,133.1,87,TRUE,purple,
VAV-1078,MEX,B,14.1439,-105.1409,0.92614,2.364451,-0.422059,145.1,45,FALSE,pink,wild relative
VAV-1079,MEX,B,28.7476,-100.6452,0.911908,1.556728,-0.815512,109.7,178,TRUE,white,landrace
VAV-1080,PER,C,-9.2987,-70.3808,1.64083,-2.376806,0.361021,110.1,,TRUE,white,cultivar
VAV-1081,MEX,B,22.5199,-102.2,0.894508,2.569839,-0.600181,131.8,174,TRUE,pink,landrace
VAV-1082,CHN,D,44.3746,95.8393,-1.480128,-1.704765,-1.182733,90.5,94,TRUE,purple,"seed bank, Córdoba"
VAV-1083,ETH,C,12.1359,51.1657,1.416847,-2.056124,1.559058,110.3,386,FALSE,pink,collected in 1998
VAV-1084,ETH,C,8.4547,27.2314,2.515946,-1.491483,0.530554,121.0,303,TRUE,purple,wild relative
VAV-1085,ESP,A,37.7841,-2.4914,-3.246881,-0.093608,0.953101,101.4,270,TRUE,pink,landrace
VAV-1086,ETH,,8.4587,44.4906,1.946803,-2.04252,1.014999,126.2,275,TRUE,pink,landrace
VAV-1087,PER,B,-13.5689,-84.8198,1.039767,1.932434,-1.809956,99.8,26,TRUE,purple,wild relative
VAV-1088,ESP,A,43.946,-9.9883,-1.486294,-0.481776,-0.211838,82.7,192,TRUE,purple,"seed bank, Córdoba"
VAV-1089,ESP,A,37.5716,0.3723,-3.106836,2.683139,1.398262,91.6,176,TRUE,pink,landrace
VAV-1090,IND,,22.0197,82.5926,-0.227965,-1.624713,-0.466973,101.8,346,TRUE,purple,collected in 1998
VAV-1091,ETH,A,12.9371,38.6827,-2.986133,1.122456,-0.637992,94.3,284,TRUE,white,landrace
VAV-1092,MEX,B,18.3147,-100.4821,1.141527,2.624013,-0.806167,123.8,163,TRUE,purple,cultivar
VAV-1093,ESP,A,47.6305,-0.2974,-1.395038,0.171285,0.799096,108.3,161,TRUE,pink,wild relative
VAV-1094,MEX,B,20.7526,-100.097,1.802507,2.284463,-1.359193,121.8,392,TRUE,white,wild relative
VAV-1095,CHN,D,37.6851,121.8326,-1.23271,-1.775477,0.635936,77.1,191,TRUE,purple,wild relative
VAV-1096,IND,D,20.1546,83.8222,-0.884109,-2.457705,-0.461023,109.5,289,TRUE,purple,cultivar
VAV-1097,MEX,C,17.5017,-104.5668,1.709468,-0.503429,0.675192,128.5,165,TRUE,pink,cultivar
VAV-1098,ESP,A,37.5545,3.6221,-1.169536,0.862349,0.10093,105.4,158,TRUE,purple,"seed bank, Córdoba"
VAV-1099,IND,D,,,-0.716486,-2.453906,-1.597283,126.3,320,TRUE,purple,"seed bank, Córdoba"
VAV-1100,CHN,C,28.8365,105.1919,3.280375,-1.873486,1.189737,,49,TRUE,purple,wild relative
VAV-1101,MEX,B,12.5788,-112.4188,0.65989,2.137792,-0.721688,,51,TRUE,purple,cultivar
VAV-1102,ETH,C,6.8696,31.2472,1.923172,-0.783259,0.809925,111.0,25,TRUE,purple,"seed bank, Córdoba"
VAV-1103,CHN,A,34.8241,105.3465,-2.241877,1.505484,0.572035,85.5,,TRUE,purple,cultivar
VAV-1104,CHN,D,34.4835,113.1401,-1.342876,-2.271397,-0.153648,105.8,336,TRUE,white,cultivar
VAV-1105,ETH,C,11.6148,45.189,1.046831,-0.509793,1.061535,93.3,68,TRUE,white,collected in 1998
VAV-1106,ESP,A,40.044,-6.9358,-0.735816,2.723181,0.623621,124.7,136,TRUE,purple,wild relative
VAV-1107,IND,D,21.721,79.0856,-0.467811,-1.789014,-1.335208,135.7,88,FALSE,pink,wild relative
VAV-1108,MEX,A,18.1455,-105.8964,-2.873465,1.62658,0.768369,116.9,246,TRUE,white,wild relative
VAV-1109,PER,B,-7.0767,-72.8311,1.580247,1.80331,-1.204438,123.2,217,FALSE,purple,collected in 1998
VAV-1110,ESP,A,36.3681,2.6399,-1.983591,2.135994,0.207555,113.6,39,TRUE,pink,landrace
VAV-1111,ESP,A,44.4273,-6.0917,-1.803643,1.313563,-0.006246,81.3,293,FALSE,purple,
VAV-1112,PER,B,-16.6761,-80.9576,1.336885,1.910269,-1.266197,102.1,247,TRUE,white,collected in 1998
VAV-1113,CHN,D,37.8151,101.1996,-1.398119,-2.408846,0.111901,112.0,164,TRUE,white,cultivar
VAV-1114,IND,D,18.4677,73.7269,-1.439549,-1.240257,-0.956525,130.6,345,TRUE,purple,wild relative
VAV-1115,ETH,C,13.8771,38.7559,1.463613,-0.926583,1.207516,122.3,246,TRUE,white,wild relative
VAV-1116,ESP,A,41.7176,-4.6379,-0.505623,0.942307,-0.32697,127.2,,FALSE,purple,collected in 1998
VAV-1117,,B,-6.6301,-77.1939,2.006178,2.710353,-1.043998,102.3,133,FALSE,pink,cultivar
VAV-1118,ESP,C,39.5383,5.8301,-0.009935,-2.317731,-0.500248,122.1,362,TRUE,purple,cultivar
VAV-1119,ESP,A,43.5027,-9.5215,-2.379541,2.244492,0.316221,124.0,24,FALSE,pink,wild relative
VAV-1120,CHN,D,29.6165,100.774,-0.848859,-1.335803,0.4983,120.0,394,TRUE,pink,cultivar
VAV-1121,MEX,A,23.0156,-98.1022,-1.626595,1.271148,1.110178,139.7,373,TRUE,purple,"seed bank, Córdoba"
VAV-1122,,A,44.7836,-1.1237,-1.364043,-0.247537,0.249525,77.1,150,TRUE,purple,wild relative
VAV-1123,ESP,A,37.3632,-5.7383,-2.419372,1.726924,-0.118144,105.8,381,TRUE,pink,landrace
VAV-1124,CHN,D,33.5614,98.9746,-1.200289,-2.159262,0.366991,127.9,115,TRUE,purple,landrace
VAV-1125,CHN,D,36.3265,109.0614,-1.464726,-2.450148,-0.599529,122.5,209,,pink,"seed bank, Córdoba"
VAV-1126,MEX,B,19.5478,-101.9378,3.052366,2.188131,-1.386716,153.9,372,TRUE,purple,
VAV-1127,ESP,A,40.3345,-16.5518,-2.51983,0.526053,0.748121,124.4,94,TRUE,purple,landrace
VAV-1128,ESP,C,36.9976,-14.057,3.131828,-0.705698,1.360096,110.0,368,TRUE,,collected in 1998
VAV-1129,PER,,-8.7041,-79.1984,0.327262,2.296288,-1.954332,112.2,62,TRUE,white,cultivar
VAV-1130,MEX,B,28.7164,-96.2671,2.844866,2.434703,-0.269736,101.8,226,TRUE,pink,collected in 1998
VAV-1131,ETH,C,1.2079,36.029,0.721069,-1.697353,0.755727,111.6,146,TRUE,pink,wild relative
VAV-1132,PER,B,-8.0806,-85.0973,1.020498,1.010407,-0.125687,136.1,315,TRUE,white,wild relative
VAV-1133,CHN,D,36.6291,97.2864,-1.247455,-2.133627,-1.665689,121.2,14,TRUE,purple,landrace
VAV-1134,MEX,B,23.6702,-102.0307,0.871596,1.816782,-0.188795,117.7,252,FALSE,purple,"seed bank, Córdoba"
VAV-1135,ETH,C,12.5286,49.5204,1.208042,-0.454414,0.882489,,333,TRUE,white,cultivar
VAV-1136,IND,D,29.0706,77.1695,-1.808496,-2.266319,-0.318667,98.7,148,TRUE,pink,"seed bank, Córdoba"
VAV-1137,MEX,B,30.63,-103.2872,0.246434,2.794824,-0.134581,123.9,208,FALSE,white,cultivar
VAV-1138,CHN,D,20.0318,106.2057,-1.879225,-1.517629,0.109444,106.1,346,TRUE,pink,
VAV-1139,PER,B,-5.7273,-76.9751,1.933796,3.424693,-0.646913,117.7,,TRUE,white,landrace
VAV-1140,ETH,C,0.8427,42.4716,2.459557,-0.893475,1.195959,140.2,55,FALSE,white,wild relative
VAV-1141,MEX,A,22.083,-99.2387,-1.172318,0.693927,-0.101105,152.4,370,TRUE,white,wild relative
VAV-1142,ESP,B,45.7165,-13.5701,0.899229,2.5673,0.169923,127.7,74,TRUE,purple,collected in 1998
VAV-1143,ETH,C,9.6387,40.0036,2.004474,-1.702329,0.082976,120.9,,TRUE,purple,landrace
VAV-1144,ESP,A,41.8232,2.6472,-1.66129,1.741503,-0.23797,112.3,115,TRUE,,cultivar
VAV-1145,IND,D,26.2471,69.1731,-1.13541,-1.28067,-0.457301,91.1,,TRUE,pink,cultivar
VAV-1146,IND,B,28.3589,80.5523,1.739272,1.633235,-1.342345,127.5,127,TRUE,pink,collected in 1998
VAV-1147,ETH,C,3.7068,34.9644,2.346061,-2.024905,-0.07827,128.5,281,TRUE,white,collected in 1998
VAV-1148,PER,B,-14.9421,-82.6326,1.386735,2.218104,-1.187053,108.4,194,TRUE,pink,wild relative
VAV-1149,ESP,A,42.1719,-3.4857,-1.607359,1.433991,-0.064411,124.6,131,TRUE,white,"seed bank, Córdoba"
VAV-1150,MEX,B,21.3835,-98.6707,1.949822,2.188583,-1.550036,81.6,199,,pink,cultivar
VAV-1151,IND,,25.1585,64.3966,-1.823375,-2.346076,-1.341573,108.7,270,TRUE,purple,collected in 1998
VAV-1152,ESP,A,41.4776,5.0028,-1.666921,1.004822,1.013921,89.7,91,TRUE,purple,
VAV-1153,CHN,D,33.2249,105.7826,-1.17886,-2.19978,0.686293,104.1,281,TRUE,pink,
VAV-1154,ETH,C,10.4528,36.7897,1.715133,-2.033187,1.646908,,333,FALSE,pink,
VAV-1155,ETH,C,14.3454,40.8883,1.661851,-2.3491,1.234579,113.4,280,TRUE,pink,
VAV-1156,ETH,C,11.5612,57.823,2.30182,-1.948411,1.771643,105.1,235,TRUE,white,landrace
VAV-1157,,C,-16.218,-73.3282,3.266075,-2.609534,0.974019,131.4,347,TRUE,purple,
VAV-1158,MEX,B,25.3343,-101.4313,1.163946,1.542712,-0.380988,85.6,398,TRUE,purple,wild relative
VAV-1159,MEX,,21.4852,-115.6981,1.187673,1.356654,-0.317334,144.7,373,TRUE,purple,cultivar
VAV-1160,PER,B,-9.4065,-71.8479,1.834326,1.893794,-2.401596,143.4,299,TRUE,white,wild relative
VAV-1161,,A,23.5824,78.8792,-0.850945,1.646293,1.061736,97.4,,TRUE,purple,"seed bank, Córdoba"
VAV-1162,IND,D,25.7843,67.4669,-2.211143,-2.092912,-1.365372,99.8,382,TRUE,white,cultivar
VAV-1163,ETH,C,19.15,40.826,1.605033,-2.601142,0.630959,116.1,277,TRUE,purple,collected in 1998
VAV-1164,PER,,-6.004,-66.912,0.759356,-1.730911,1.79195,85.4,373,TRUE,pink,"seed bank, Córdoba"
VAV-1165,ETH,C,13.1061,45.2139,0.519963,-1.870873,0.747259,118.2,100,TRUE,white,cultivar
VAV-1166,PER,B,-4.7278,-77.7084,1.327748,2.344539,-0.696082,,130,TRUE,white,cultivar
VAV-1167,MEX,B,20.6812,-106.9968,1.640473,2.062346,-0.472531,103.1,369,FALSE,pink,wild relative
VAV-1168,PER,B,-7.9423,-81.7562,1.278747,1.903553,-2.046559,105.6,199,TRUE,white,"seed bank, Córdoba"
VAV-1169,ETH,C,5.2443,40.6063,2.263375,-0.683064,1.562859,138.7,398,TRUE,purple,collected in 1998
VAV-1170,IND,D,16.1281,74.869,0.048805,-2.48209,-1.110934,123.7,273,TRUE,purple,collected in 1998
VAV-1171,IND,D,20.201,73.8958,-1.014049,-1.99603,-0.535595,125.5,309,TRUE,white,collected in 1998
VAV-1172,PER,A,-11.8484,-77.7527,-1.497526,1.689286,1.262363,81.3,124,TRUE,purple,cultivar
VAV-1173,MEX,B,23.2052,-98.3829,1.626866,2.041216,-1.452885,110.1,279,TRUE,purple,"seed bank, Córdoba"
VAV-1174,ESP,A,43.6118,5.8012,-2.544603,1.461345,0.675198,124.4,398,TRUE,pink,
VAV-1175,CHN,D,34.9018,113.3934,-1.894923,-1.892009,-0.815928,96.1,35,TRUE,white,landrace
VAV-1176,IND,D,22.5426,75.0885,-0.68393,-3.746826,-0.540145,114.0,365,TRUE,purple,collected in 1998
VAV-1177,ESP,A,40.8877,2.2609,-1.486012,-0.367692,1.75044,99.9,180,TRUE,purple,landrace
VAV-1178,CHN,D,32.1511,103.1271,-2.105951,-1.41392,0.000287,93.5,163,FALSE,,wild relative
VAV-1179,MEX,C,20.3742,-94.386,1.80819,-2.334915,1.386863,101.2,102,FALSE,pink,
VAV-1180,ETH,C,15.2915,33.612,1.317066,-1.67866,1.799527,90.7,325,TRUE,white,cultivar
VAV-1181,ESP,A,42.7287,0.4186,-1.395095,-0.174325,-0.236221,108.5,65,TRUE,pink,"seed bank, Córdoba"
VAV-1182,CHN,D,31.0239,98.794,-2.370327,-3.282095,-0.653861,117.4,45,TRUE,white,"seed bank, Córdoba"
VAV-1183,PER,B,-11.29,-74.6158,1.477814,1.957507,0.0066,129.4,82,TRUE,purple,
VAV-1184,IND,D,,,0.857325,-2.272004,-1.529773,147.5,195,TRUE,white,landrace
VAV-1185,MEX,B,21.2193,-97.8626,1.125168,1.83718,-1.489811,89.2,108,FALSE,purple,"seed bank, Córdoba"
VAV-1186,PER,B,-15.3368,-79.0937,2.143303,2.662338,-0.660459,130.3,53,TRUE,pink,landrace
VAV-1187,MEX,B,15.2305,-92.8622,0.858786,1.746276,-0.240226,86.0,75,TRUE,purple,collected in 1998
VAV-1188,IND,D,14.0152,74.1741,-2.185141,-1.260255,-1.418925,109.4,190,TRUE,purple,wild relative
VAV-1189,ESP,A,40.553,-17.8942,-1.672875,0.701781,0.224286,77.5,344,FALSE,purple,"seed bank, Córdoba"
VAV-1190,ESP,A,43.469,-10.9992,-2.360696,-0.055436,1.376451,135.9,254,TRUE,pink,collected in 1998
VAV-1191,MEX,,23.466,-103.7947,1.399966,1.812076,-0.513995,138.0,392,TRUE,,
VAV-1192,ETH,C,10.8602,39.0225,2.79275,-0.425708,0.837106,101.2,146,TRUE,white,cultivar
VAV-1193,IND,D,18.162,76.4121,-1.510961,-2.785579,0.378477,119.6,177,TRUE,purple,landrace
VAV-1194,IND,C,20.8296,80.8299,1.823219,-1.475529,1.716824,93.5,341,TRUE,,wild relative
VAV-1195,,D,24.3508,69.1905,0.20417,-1.854631,-0.261039,105.6,375,TRUE,purple,landrace
VAV-1196,IND,D,18.9544,82.4938,-0.827121,-1.962849,-0.929547,112.5,70,TRUE,pink,landrace
VAV-1197,CHN,D,39.6579,99.0963,-1.850588,-0.919379,-1.119236,89.3,274,TRUE,pink,landrace
VAV-1198,ETH,C,6.2203,43.6514,1.852961,-1.844987,1.247622,129.6,94,FALSE,purple,landrace
VAV-1199,CHN,D,40.3224,99.2628,-0.547238,-0.787452,0.974524,109.5,248,TRUE,pink,landrace
VAV-1200,IND,C,17.7808,69.9453,2.66885,-0.689324,-0.156986,103.1,121,TRUE,purple,landrace
VAV-1201,ESP,A,42.3795,0.8493,-0.848758,1.451666,1.741263,127.5,174,TRUE,purple,wild relative
VAV-1202,ETH,C,3.2236,43.5905,2.215483,-2.387125,0.673898,67.8,338,TRUE,white,landrace
VAV-1203,ETH,C,9.6261,31.259,1.153722,-1.258709,1.260818,82.0,315,TRUE,pink,collected in 1998
VAV-1204,ESP,A,34.0691,-14.8799,-2.1612,1.520011,-0.771805,99.3,334,FALSE,purple,wild relative
VAV-1205,CHN,D,35.6524,102.6477,-1.531484,-2.233384,-0.32918,123.3,201,TRUE,purple,wild relative
VAV-1206,IND,D,13.8303,80.9577,-1.022436,-1.389276,0.845241,75.4,27,TRUE,,collected in 1998
VAV-1207,CHN,C,41.6824,106.7971,1.726992,-2.278305,1.354681,95.2,279,TRUE,white,wild relative
VAV-1208,ETH,C,9.4908,47.3965,0.837536,-2.11498,1.080813,105.4,94,TRUE,purple,
VAV-1209,ESP,A,34.5186,-6.1024,-2.805403,1.844795,0.836245,118.2,288,TRUE,white,cultivar
VAV-1210,IND,C,25.2876,64.7981,1.113228,-2.082764,0.879464,113.0,220,FALSE,purple,wild relative
VAV-1211,ESP,,33.6372,-6.8387,-2.745436,0.124438,0.711385,69.1,317,TRUE,pink,"seed bank, Córdoba"
VAV-1212,ETH,C,13.268,39.8635,0.553822,-1.31137,0.891779,113.4,125,TRUE,pink,collected in 1998
VAV-1213,IND,D,17.9164,73.8132,-0.682959,-1.353674,-0.850256,119.0,196,TRUE,purple,
VAV-1214,CHN,D,33.7227,102.6938,-2.042459,-2.470084,0.776224,84.7,7,TRUE,pink,"seed bank, Córdoba"
VAV-1215,PER,B,-8.1601,-65.5997,2.188748,3.680091,-1.391596,78.6,349,TRUE,purple,
VAV-1216,,A,35.3209,2.1287,-1.305984,1.900646,0.815849,114.0,252,FALSE,white,wild relative
VAV-1217,ESP,A,43.9668,-8.5948,-1.67513,1.052696,0.028287,120.4,307,TRUE,white,"seed bank, Córdoba"
VAV-1218,MEX,B,26.7348,-96.5836,1.598524,1.654923,0.014589,143.9,32,TRUE,pink,wild relative
VAV-1219,IND,D,18.2782,74.0384,-0.975258,-2.526479,-1.955901,,98,TRUE,pink,collected in 1998
VAV-1220,MEX,B,24.004,-105.8882,-0.159452,2.801889,-1.171181,119.0,340,,white,"seed bank, Córdoba"
VAV-1221,ETH,C,3.7651,39.5806,2.154405,-2.714236,1.290947,115.2,253,TRUE,purple,"seed bank, Córdoba"
VAV-1222,IND,D,12.6762,79.4063,-0.773648,-2.534008,-2.03888,90.6,64,TRUE,purple,collected in 1998
VAV-1223,IND,D,26.4801,75.6732,-2.185669,-2.66437,-0.933589,130.1,193,TRUE,pink,"seed bank, Córdoba"
VAV-1224,,D,32.8155,106.9881,-0.780822,-2.770084,-0.291806,81.3,285,TRUE,white,wild relative
VAV-1225,CHN,C,35.8073,110.1891,2.273185,-1.299917,2.605019,103.6,392,TRUE,pink,cultivar
VAV-1226,MEX,B,27.8362,-95.2213,1.245117,1.973038,-0.245144,104.4,45,TRUE,purple,
VAV-1227,MEX,B,15.4229,-96.3627,2.203063,2.202309,-1.347606,106.8,291,TRUE,white,landrace
VAV-1228,ESP,A,35.5885,-5.3181,-2.34991,1.420174,0.642799,93.9,321,TRUE,purple,wild relative
VAV-1229,ESP,A,39.8827,-2.6103,-2.74171,1.352528,0.023134,130.7,34,TRUE,,cultivar
VAV-1230,ESP,A,31.3673,-11.9572,-3.075866,1.501868,0.731477,76.8,158,,purple,wild relative
VAV-1231,CHN,D,38.6282,90.9687,-0.429114,-2.043985,-1.162012,103.7,13,TRUE,pink,wild relative
VAV-1232,PER,A,-5.4332,-84.1175,-1.809179,-0.121444,0.797279,107.8,252,TRUE,white,landrace
VAV-1233,CHN,D,39.0873,104.2747,-0.676661,-1.902782,-0.55183,103.6,311,TRUE,purple,landrace
VAV-1234,,A,40.0752,-7.4559,-0.752886,-0.284698,1.554014,119.0,389,FALSE,white,"seed bank, Córdoba"
VAV-1235,ESP,A,41.5971,-7.0012,-1.160623,2.263356,0.174179,95.3,239,FALSE,white,"seed bank, Córdoba"
VAV-1236,CHN,B,31.878,93.7299,1.874379,1.344706,-2.248956,111.6,241,TRUE,purple,"seed bank, Córdoba"
VAV-1237,IND,D,16.7459,77.8718,-0.659006,-1.393295,-0.647782,84.0,96,TRUE,purple,wild relative
VAV-1238,PER,B,-10.1235,-67.695,1.837226,1.797923,-1.204347,140.4,225,TRUE,pink,landrace
VAV-1239,CHN,D,33.8661,101.5467,-0.04888,-3.292231,-0.533469,90.9,219,TRUE,white,landrace
VAV-1240,PER,B,-12.4425,-77.9662,0.608098,2.61272,-0.573947,88.7,79,FALSE,purple,collected in 1998
VAV-1241,ESP,A,40.0488,-11.7085,-2.736623,0.820308,-0.061558,84.0,287,TRUE,white,wild relative
VAV-1242,ETH,A,10.4462,35.4993,-0.390789,1.762926,0.314661,103.9,130,TRUE,pink,"seed bank, Córdoba"
VAV-1243,MEX,B,18.6598,-94.7768,1.358525,1.542905,0.27125,139.3,166,TRUE,pink,
VAV-1244,MEX,B,20.4857,-92.6568,1.326566,2.235107,-0.611209,118.4,68,TRUE,purple,
VAV-1245,ESP,A,34.4064,-15.1418,-1.921676,1.295122,0.397815,96.0,367,TRUE,pink,wild relative
VAV-1246,MEX,B,,,1.010564,1.770009,-0.74422,126.2,364,TRUE,purple,
VAV-1247,MEX,D,16.4103,-98.3673,-1.027497,-1.831994,0.178686,122.0,151,TRUE,,cultivar
VAV-1248,ESP,A,43.5169,-12.1276,-2.271469,1.378748,0.127906,120.9,253,FALSE,white,landrace
VAV-1249,CHN,A,31.4955,98.7594,-2.398728,0.431913,0.453474,116.8,141,FALSE,white,"seed bank, Córdoba"
VAV-1250,,B,,,0.070989,3.077225,-1.786687,88.6,363,FALSE,white,cultivar
VAV-1251,MEX,B,24.1765,-111.533,1.368775,1.569417,-1.383985,118.2,26,TRUE,purple,collected in 1998
VAV-1252,ETH,C,11.4201,32.9942,1.766105,-2.486737,0.618879,107.8,224,TRUE,pink,landrace
VAV-1253,MEX,B,25.4216,-107.6078,1.619571,2.170393,-0.626229,74.3,26,FALSE,purple,cultivar
VAV-1254,ETH,C,6.9231,37.633,0.617472,-1.753873,0.018743,138.5,81,FALSE,purple,wild relative
VAV-1255,IND,D,19.5058,91.9763,0.598255,-2.500493,-0.054885,105.0,160,TRUE,purple,landrace
VAV-1256,ESP,A,38.2904,-0.9618,-1.813263,1.560677,0.743879,112.1,295,TRUE,pink,"seed bank, Córdoba"
VAV-1257,IND,D,17.5583,82.9573,-1.477791,-1.620339,0.369506,145.4,116,FALSE,purple,"seed bank, Córdoba"
VAV-1258,PER,B,-12.9591,-82.0557,1.476338,2.048894,-1.030128,103.0,9,TRUE,white,"seed bank, Córdoba"
VAV-1259,MEX,B,29.2332,-105.4688,1.725781,0.298059,0.635569,,353,TRUE,pink,wild relative
VAV-1260,ESP,,39.1016,-9.1934,-2.015019,-0.588041,-0.54777,,49,TRUE,purple,wild relative
VAV-1261,IND,B,22.2258,74.6158,0.018365,2.379024,-0.399671,138.7,359,FALSE,white,"seed bank, Córdoba"
VAV-1262,MEX,A,18.1825,-101.8875,-0.901708,-0.385845,2.017996,102.5,206,TRUE,white,collected in 1998
VAV-1263,IND,D,21.2543,63.4943,0.120337,-2.046734,-0.9334,102.3,353,TRUE,purple,"seed bank, Córdoba"
VAV-1264,ESP,A,44.1365,-9.4552,-1.229436,1.95787,0.720319,132.9,168,TRUE,pink,cultivar
VAV-1265,CHN,D,38.3623,96.6593,-1.65054,-1.410787,-1.170204,106.7,343,TRUE,pink,
VAV-1266,,,25.5923,90.7542,-0.254894,-2.542611,0.217687,,59,TRUE,white,
VAV-1267,ETH,,8.1579,34.538,1.893259,-1.874606,0.487301,125.9,280,TRUE,white,wild relative
VAV-1268,PER,B,-12.9108,-69.4412,1.613711,2.302792,-0.932645,96.3,102,TRUE,purple,wild relative
VAV-1269,ETH,C,11.3245,40.2721,3.213039,-1.260254,0.753439,95.4,278,TRUE,purple,landrace
VAV-1270,ESP,A,34.2379,-2.077,-1.62949,1.659785,1.046407,88.1,355,TRUE,pink,landrace
VAV-1271,ESP,,36.7138,-14.8098,-2.862668,2.209619,-0.146586,128.7,365,TRUE,purple,cultivar
VAV-1272,IND,D,,,0.090026,-1.699854,-0.613572,95.9,148,TRUE,pink,wild relative
VAV-1273,PER,B,-20.3666,-80.4605,1.744166,1.594555,-0.733656,97.9,244,TRUE,purple,"seed bank, Córdoba"
VAV-1274,,B,-10.4596,-70.8744,1.498395,3.453275,-0.838261,112.6,125,TRUE,,landrace
VAV-1275,PER,B,-10.4089,-83.1803,1.748429,2.2988,-1.549214,86.1,366,FALSE,purple,wild relative
VAV-1276,IND,D,19.7995,79.9823,-1.14425,-2.262664,0.164112,83.9,48,TRUE,white,wild relative
VAV-1277,ETH,C,11.7889,38.1603,1.473317,-1.78383,-0.565844,94.3,337,TRUE,purple,"seed bank, Córdoba"
VAV-1278,ETH,C,8.5825,38.9158,2.705688,-1.469248,-0.193324,131.5,336,TRUE,purple,"seed bank, Córdoba"
VAV-1279,PER,B,-13.6088,-67.5686,1.854594,1.341021,-1.474855,118.9,350,,pink,cultivar
VAV-1280,PER,A,-9.3955,-77.8162,-1.438934,1.194604,0.553804,98.7,360,TRUE,purple,"seed bank, Córdoba"
VAV-1281,ETH,C,8.6934,38.3572,1.99088,-1.015813,1.50669,108.1,145,FALSE,,collected in 1998
VAV-1282,CHN,D,30.8911,101.1967,-0.734598,-1.788993,-0.350898,119.0,1,,purple,cultivar
VAV-1283,PER,B,-15.0373,-71.3674,2.752336,3.168643,0.070827,120.8,322,,,cultivar
VAV-1284,ETH,C,9.6735,45.6307,2.622833,-1.543204,0.969274,126.6,194,TRUE,pink,
VAV-1285,IND,D,,,-0.904862,-2.114225,-0.531112,105.5,356,TRUE,white,collected in 1998
VAV-1286,MEX,B,25.5906,-103.7788,1.471454,2.016284,-1.918745,125.4,23,TRUE,pink,"seed bank, Córdoba"
VAV-1287,CHN,D,33.8809,100.8612,-0.279454,-1.745745,-0.095468,123.8,115,FALSE,white,wild relative
VAV-1288,PER,B,-15.1522,-70.7234,0.80689,0.850511,-0.456426,133.8,92,TRUE,purple,landrace
VAV-1289,ESP,A,43.5027,-6.9726,-0.783885,1.488245,0.119731,118.5,254,TRUE,,"seed bank, Córdoba"
VAV-1290,PER,B,-7.934,-82.2162,1.708716,2.750274,-1.331893,121.6,8,TRUE,pink,landrace
VAV-1291,MEX,B,25.2827,-95.1409,1.531906,1.317101,0.29957,,141,FALSE,white,landrace
VAV-1292,IND,D,19.1712,73.3522,-0.681311,-1.701311,-0.709661,88.5,372,FALSE,white,wild relative
VAV-1293,IND,D,17.2547,79.6986,0.096519,-2.358099,1.474487,144.2,194,TRUE,pink,"seed bank, Córdoba"
VAV-1294,ETH,C,5.0855,32.6224,1.421218,-1.139698,1.956147,107.1,264,TRUE,purple,
VAV-1295,ESP,B,39.2781,-5.7748,-0.248552,2.139247,-0.09478,118.6,34,FALSE,purple,"seed bank, Córdoba"
VAV-1296,IND,A,17.189,77.2571,-1.264473,1.211664,-0.410412,94.6,81,TRUE,purple,"seed bank, Córdoba"
VAV-1297,ETH,C,8.2171,33.4066,2.691268,-1.996516,1.080716,110.3,215,TRUE,white,landrace
VAV-1298,CHN,D,32.6817,108.3119,0.421784,-2.264034,-0.174488,78.1,208,TRUE,white,
VAV-1299,,D,39.3393,-6.122,-1.616718,-3.192447,-0.612573,106.4,51,TRUE,white,"seed bank, Córdoba"
VAV-1300,ESP,A,39.3771,-5.4839,-2.523283,1.205073,0.870314,110.9,122,TRUE,white,landrace
VAV-1301,CHN,D,32.3156,95.826,-0.685757,-1.50351,-0.751339,79.4,97,FALSE,purple,wild relative
VAV-1302,ETH,C,10.1267,38.1654,2.877968,-1.20829,1.140182,113.0,33,TRUE,purple,landrace
VAV-1303,PER,B,-10.0127,-68.8833,0.399883,2.766262,-1.400631,128.5,37,TRUE,purple,"seed bank, Córdoba"
VAV-1304,CHN,D,36.4215,112.9926,-0.917273,-2.821076,0.70777,110.7,95,TRUE,purple,cultivar
VAV-1305,IND,D,13.5378,69.9193,-1.06487,-0.266146,-0.821194,145.3,223,FALSE,purple,"seed bank, Córdoba"
VAV-1306,ETH,C,9.259,42.8752,2.308339,-3.210755,1.61053,125.5,329,TRUE,purple,cultivar
VAV-1307,CHN,D,39.646,96.961,-1.780665,-1.499455,-2.199273,121.6,26,TRUE,purple,wild relative
VAV-1308,ESP,C,46.2271,-6.6833,2.649222,-1.435702,-0.127801,99.6,72,TRUE,white,wild relative
VAV-1309,ETH,C,8.4813,47.3401,1.518418,-0.335495,1.713854,102.7,195,TRUE,purple,
VAV-1310,CHN,D,34.9276,110.0289,-0.365928,-2.297417,-0.034375,100.4,315,TRUE,pink,cultivar
VAV-1311,ETH,C,5.2816,39.01,-0.10369,-1.17851,0.513083,76.8,137,TRUE,purple,"seed bank, Córdoba"
VAV-1312,ESP,D,45.3754,-6.4506,-1.231677,-1.466948,-0.120117,103.7,333,TRUE,white,cultivar
VAV-1313,MEX,B,27.2923,-86.9996,0.550696,1.60938,-0.286956,60.9,46,TRUE,white,
VAV-1314,MEX,B,30.9477,-104.9455,2.287114,2.883241,-0.840775,90.5,39,FALSE,pink,cultivar
VAV-1315,IND,D,19.7086,78.3334,-1.159457,-2.580367,-0.372476,145.0,357,TRUE,pink,wild relative
VAV-1316,ESP,A,41.2875,-8.3931,-3.508291,2.194176,0.858354,86.8,141,TRUE,pink,wild relative
VAV-1317,ESP,C,37.5996,-16.8207,2.621175,-2.555934,2.685829,106.4,150,TRUE,pink,"seed bank, Córdoba"
VAV-1318,IND,D,19.0652,80.3007,0.050503,-2.149853,-1.066671,151.2,153,TRUE,pink,cultivar
VAV-1319,IND,D,24.7479,78.5554,-1.026754,-3.161197,-0.055983,125.1,141,TRUE,purple,collected in 1998
VAV-1320,ESP,A,44.0416,0.172,-2.346499,1.728503,0.418949,115.3,169,TRUE,purple,wild relative
VAV-1321,CHN,A,34.3276,101.6942,-0.968805,1.113144,0.034851,115.6,13,TRUE,white,collected in 1998
VAV-1322,PER,B,-13.7583,-79.0443,1.855836,2.417501,-1.208232,113.9,382,TRUE,white,landrace
VAV-1323,MEX,D,25.9793,-111.5813,0.256479,-0.755214,-0.050216,107.0,336,FALSE,pink,collected in 1998
VAV-1324,MEX,B,26.0191,-89.2867,1.458415,2.500713,-1.100582,99.3,296,TRUE,white,landrace
VAV-1325,CHN,D,30.7751,105.9403,-0.085987,-2.286741,-0.789983,132.0,215,TRUE,purple,
VAV-1326,CHN,D,40.0295,99.3871,-0.425113,-0.94589,-1.695933,107.6,281,TRUE,purple,cultivar
VAV-1327,PER,,-11.7701,-77.2897,1.792581,2.027858,-2.177953,97.1,316,TRUE,purple,wild relative
VAV-1328,PER,B,-6.3639,-74.4176,1.376116,2.384553,-1.1179,93.1,382,TRUE,pink,"seed bank, Córdoba"
VAV-1329,ETH,C,15.8692,36.8288,1.597142,-2.026781,1.77823,103.2,362,TRUE,pink,"seed bank, Córdoba"
VAV-1330,PER,B,-17.5431,-77.1605,1.45562,2.4975,-0.551533,112.3,78,FALSE,pink,"seed bank, Córdoba"
VAV-1331,ETH,C,9.4672,39.9661,1.090591,-1.736804,1.483309,87.3,388,FALSE,pink,landrace
VAV-1332,CHN,D,31.636,97.491,-0.183062,-2.044257,-0.944584,109.4,312,TRUE,pink,"seed bank, Córdoba"
VAV-1333,MEX,B,18.295,-101.15,1.468124,2.303473,-0.311638,84.8,332,FALSE,white,collected in 1998
VAV-1334,CHN,,36.6298,110.5959,-0.925069,-0.908363,-0.981147,56.8,307,TRUE,pink,landrace
VAV-1335,MEX,B,30.1263,-114.1451,0.907952,1.455596,-2.07249,114.1,239,TRUE,white,
VAV-1336,CHN,D,27.1102,104.1229,-2.013683,-2.75873,-0.407604,116.3,333,FALSE,purple,wild relative
VAV-1337,PER,B,-6.1687,-82.4242,1.847316,2.523788,-1.187153,126.1,13,TRUE,purple,"seed bank, Córdoba"
VAV-1338,IND,D,,,-1.039031,-1.452255,-0.68707,,212,TRUE,purple,"seed bank, Córdoba"
VAV-1339,MEX,B,,,1.860786,1.454581,-1.290683,99.9,357,TRUE,white,wild relative
VAV-1340,MEX,C,22.096,-106.7118,2.014414,-2.075859,0.036046,117.7,233,TRUE,purple,landrace
VAV-1341,CHN,A,37.6752,107.9699,-2.599277,1.912045,1.678335,96.8,152,TRUE,white,cultivar
VAV-1342,PER,B,-10.8882,-66.9078,0.915891,2.403852,-0.113291,92.4,322,TRUE,purple,"seed bank, Córdoba"
VAV-1343,IND,,23.2489,82.2094,-2.147429,-2.339377,-0.576903,126.4,219,TRUE,pink,wild relative
VAV-1344,ETH,A,17.2986,38.3037,-0.688896,0.224237,0.584866,123.8,44,TRUE,purple,landrace
VAV-1345,MEX,B,,,2.288792,1.334262,-1.018781,100.5,390,TRUE,purple,cultivar
VAV-1346,ETH,C,12.5823,32.1337,1.058482,0.352832,2.463856,,356,TRUE,purple,cultivar
VAV-1347,CHN,D,29.4439,99.1555,-1.068311,-2.118348,0.6962,112.6,181,TRUE,pink,wild relative
VAV-1348,MEX,B,27.8901,-94.256,0.585637,2.428114,-0.122911,96.3,,TRUE,purple,"seed bank, Córdoba"
VAV-1349,ETH,C,0.5315,44.3817,2.780927,-1.263943,0.372893,100.1,,TRUE,pink,
VAV-1350,IND,C,22.436,86.7361,1.678952,-0.897566,1.685148,97.6,46,TRUE,white,
VAV-1351,PER,,-5.9426,-79.5776,1.016752,0.972129,-0.362261,116.1,181,FALSE,white,cultivar
VAV-1352,ESP,A,36.6019,0.1731,-2.701472,0.49255,0.665269,104.8,294,TRUE,white,cultivar
VAV-1353,IND,D,29.8148,75.8951,-1.692388,-1.360699,-0.942094,119.2,339,TRUE,white,collected in 1998
VAV-1354,PER,B,-19.3458,-81.2396,1.962782,1.960021,-2.421582,145.8,105,FALSE,pink,collected in 1998
VAV-1355,ETH,D,5.513,44.1854,-1.175603,-2.062182,0.577799,73.9,227,FALSE,purple,cultivar
VAV-1356,,D,20.8066,74.3393,-0.802258,-1.336783,-0.713969,106.6,383,TRUE,purple,landrace
VAV-1357,MEX,B,22.3664,-105.5304,2.712605,2.392893,-1.2276,112.6,162,TRUE,purple,
VAV-1358,ESP,A,47.2327,5.1739,-1.247825,0.642907,1.997006,112.0,48,TRUE,white,landrace
VAV-1359,ETH,C,,,1.756082,-1.381997,1.604605,116.5,329,TRUE,purple,cultivar
VAV-1360,PER,B,-7.1862,-71.1407,1.709313,1.13795,-0.44416,106.6,189,TRUE,white,landrace
VAV-1361,ESP,C,30.0311,7.5464,1.124412,-1.574279,1.41297,105.9,23,TRUE,pink,collected in 1998
VAV-1362,ESP,A,41.1016,-4.9287,-2.278164,3.224144,0.400836,107.6,184,,pink,
VAV-1363,CHN,A,37.6089,100.5151,-2.557641,1.273506,1.115497,112.9,,TRUE,white,collected in 1998
VAV-1364,MEX,B,19.6385,-96.3529,2.089727,2.444405,-1.115593,132.4,309,TRUE,pink,wild relative
VAV-1365,ETH,C,,,1.825471,-2.442603,1.054042,93.9,358,TRUE,purple,wild relative
VAV-1366,ESP,A,43.5304,-3.8687,-1.126876,2.18963,0.076361,106.7,353,TRUE,pink,"seed bank, Córdoba"
VAV-1367,IND,D,24.9282,72.7038,-0.87954,-2.613361,-0.372764,85.3,47,TRUE,,collected in 1998
VAV-1368,ETH,D,12.5911,52.1449,-0.867113,-2.248425,0.232291,97.7,173,TRUE,white,wild relative
VAV-1369,CHN,D,35.0284,97.1564,-1.458869,-2.529589,-0.056726,,354,,white,collected in 1998
VAV-1370,IND,B,26.2625,85.1736,1.540055,1.648356,-0.634407,112.6,339,TRUE,white,wild relative
VAV-1371,ETH,C,11.1617,38.1565,1.73541,-0.493442,1.485054,83.2,36,TRUE,purple,cultivar
VAV-1372,ESP,A,46.7476,-4.7811,-1.588155,1.743312,-0.368072,104.2,119,TRUE,purple,landrace
VAV-1373,CHN,D,35.5304,99.4921,-0.200863,-1.984255,-0.88771,95.4,375,TRUE,pink,"seed bank, Córdoba"
VAV-1374,IND,D,19.3373,83.7353,-0.870072,-1.353425,-0.702083,96.4,8,TRUE,white,wild relative
VAV-1375,ETH,C,,,1.245527,-1.904525,1.245915,132.5,20,TRUE,pink,cultivar
VAV-1376,IND,D,20.5063,78.6263,-1.064375,-1.540887,-0.896986,110.4,47,TRUE,purple,cultivar
VAV-1377,PER,A,-14.4081,-75.725,-2.145528,0.250168,1.850908,97.8,,FALSE,white,landrace
VAV-1378,CHN,D,35.1391,102.6184,-0.558143,-2.15726,-0.116528,106.1,69,TRUE,pink,wild relative
VAV-1379,CHN,D,39.9152,99.4177,-0.942515,-2.518943,0.586922,131.7,255,TRUE,white,cultivar
VAV-1380,ESP,A,37.4896,-7.2342,-1.183585,-0.759672,1.911928,92.5,327,TRUE,white,landrace
VAV-1381,PER,B,-3.6199,-73.6948,0.997739,2.038999,-2.843809,102.7,198,TRUE,white,wild relative
VAV-1382,,D,22.539,87.1995,-0.692524,-2.102308,-0.49377,116.9,11,TRUE,purple,cultivar
VAV-1383,PER,B,-9.3939,-72.1308,1.173507,2.592231,-2.1227,90.2,97,TRUE,purple,"seed bank, Córdoba"
VAV-1384,IND,A,22.4086,73.7759,-2.051278,-0.116188,1.177983,86.8,232,TRUE,white,wild relative
VAV-1385,MEX,A,20.6329,-104.9743,-2.715514,-0.510376,1.225121,141.9,234,TRUE,white,landrace
VAV-1386,ESP,A,44.4701,-6.8631,-3.647342,0.666482,0.555543,129.5,137,TRUE,purple,wild relative
VAV-1387,MEX,B,23.7936,-91.5668,2.355177,2.228736,-0.694172,94.3,9,TRUE,purple,"seed bank, Córdoba"
VAV-1388,CHN,D,30.312,101.7647,-1.693524,-2.156223,-0.172086,125.7,258,TRUE,white,cultivar
VAV-1389,MEX,B,26.306,-103.1027,0.274877,1.891563,-1.155941,114.9,335,TRUE,purple,
VAV-1390,MEX,B,21.2063,-116.7358,2.19625,0.797552,-0.357654,110.3,368,TRUE,pink,cultivar
VAV-1391,ETH,C,4.0362,42.4689,1.645246,-0.373731,2.048679,84.5,5,FALSE,,"seed bank, Córdoba"
VAV-1392,ETH,C,18.8261,42.1545,2.756624,-2.979614,0.21339,130.0,378,TRUE,pink,collected in 1998
VAV-1393,ETH,A,7.4303,37.1999,-1.978308,1.538216,0.469757,117.3,231,TRUE,purple,collected in 1998
VAV-1394,ETH,C,12.9184,36.8989,1.054506,-1.243589,0.572452,92.9,174,TRUE,white,collected in 1998
VAV-1395,MEX,B,22.6738,-101.8367,1.690942,2.4394,-1.613161,102.7,,TRUE,purple,"seed bank, Córdoba"
VAV-1396,IND,D,21.3923,76.3466,-1.01175,-2.556925,-1.786925,102.7,40,TRUE,pink,landrace
VAV-1397,ESP,A,41.6595,1.6316,-2.406631,1.162789,0.93231,83.5,382,TRUE,pink,collected in 1998
VAV-1398,IND,D,20.644,80.1495,-2.045485,-2.059007,-0.200255,,164,TRUE,purple,cultivar
VAV-1399,MEX,,14.3936,-94.496,1.841973,-0.268391,1.148109,101.6,390,TRUE,purple,collected in 1998
VAV-1400,ESP,,35.3139,-6.7904,-1.669671,1.024782,0.381026,96.5,59,TRUE,white,"seed bank, Córdoba"
VAV-1401,ESP,A,31.6556,-2.9691,-3.051223,2.116121,-0.263323,94.9,354,TRUE,pink,cultivar
VAV-1402,MEX,,29.4256,-107.4021,-0.650457,-3.25099,-0.690022,104.1,,TRUE,pink,wild relative
VAV-1403,CHN,D,38.7113,106.0361,0.239819,-2.644569,-0.452009,130.5,192,TRUE,white,wild relative
VAV-1404,CHN,D,31.0372,105.283,-1.523294,-2.324681,-0.835239,112.1,312,FALSE,purple,
VAV-1405,ESP,A,39.0243,-3.9983,-2.180603,1.578991,1.592809,134.7,126,TRUE,white,wild relative
VAV-1406,ETH,C,1.9529,46.5868,2.558383,-2.181321,0.769291,126.8,159,TRUE,pink,wild relative
VAV-1407,IND,D,,,-2.374024,-2.939971,-0.15804,99.5,67,TRUE,,collected in 1998
VAV-1408,MEX,B,,,1.731411,2.233385,-0.94459,129.8,372,FALSE,purple,"seed bank, Córdoba"
VAV-1409,CHN,B,35.7175,100.6605,0.83432,0.795515,-1.338258,117.1,192,TRUE,purple,wild relative
VAV-1410,PER,B,-2.217,-71.4356,0.955358,2.049005,-2.510887,78.7,130,TRUE,white,cultivar
VAV-1411,IND,D,20.2918,70.9939,-0.764041,-2.133298,0.060867,126.1,134,TRUE,white,landrace
VAV-1412,ETH,D,3.4648,41.9471,0.897252,-2.65318,-0.917438,103.8,125,,white,wild relative
VAV-1413,ETH,C,8.3208,36.8436,2.010769,-0.906345,0.566061,71.7,185,TRUE,white,cultivar
VAV-1414,PER,B,-3.2299,-74.6054,0.317313,2.351972,-1.52197,111.6,14,FALSE,white,cultivar
VAV-1415,CHN,,34.8836,99.9732,-1.34988,-2.08541,-0.564037,77.4,154,TRUE,white,landrace
VAV-1416,CHN,D,37.8764,110.8279,-2.592185,-3.134391,-2.213051,,,FALSE,white,landrace
VAV-1417,PER,B,-11.6224,-80.828,1.88095,2.736529,-0.836939,142.0,142,TRUE,purple,landrace
VAV-1418,ESP,A,41.6983,-8.1319,-2.423733,-0.442814,0.262349,96.7,215,TRUE,,collected in 1998
VAV-1419,ETH,C,17.7545,42.1988,3.201215,-0.672337,1.29713,106.2,249,TRUE,pink,cultivar
VAV-1420,MEX,B,24.1624,-98.6838,3.244556,0.419395,-0.723013,123.9,210,FALSE,purple,landrace
VAV-1421,ETH,C,7.6875,30.2384,3.368354,-2.40481,0.669671,124.1,157,TRUE,pink,collected in 1998
VAV-1422,ESP,A,43.9911,-10.1002,-3.421453,0.85186,0.244221,131.5,4,TRUE,white,
VAV-1423,IND,D,24.4291,72.402,-1.113832,-1.724097,-0.429154,120.2,325,TRUE,pink,cultivar
VAV-1424,CHN,C,38.8123,110.1504,2.024773,-2.118423,0.849235,95.5,170,,purple,"seed bank, Córdoba"
VAV-1425,,B,-14.8859,-83.5004,0.809295,3.017693,-1.080455,81.3,112,TRUE,white,cultivar
VAV-1426,MEX,C,16.7235,-104.0302,1.904558,-2.141084,1.960887,72.1,298,TRUE,white,wild relative
VAV-1427,,C,7.1116,49.0299,2.176012,-0.961996,1.129106,128.4,104,TRUE,white,"seed bank, Córdoba"
VAV-1428,ETH,A,10.1755,33.2972,-1.745567,0.976107,0.159168,118.8,90,TRUE,white,"seed bank, Córdoba"
VAV-1429,CHN,D,32.8764,92.9172,-0.985608,-2.502654,-1.332698,80.9,361,TRUE,purple,"seed bank, Córdoba"
VAV-1430,,,9.9287,40.6552,1.441668,-1.11165,0.96052,110.6,266,TRUE,pink,landrace
VAV-1431,ESP,A,36.8286,-16.6601,-1.413262,-1.024264,-0.078756,126.5,297,TRUE,pink,wild relative
VAV-1432,ESP,A,45.1464,-13.2473,-1.828927,0.165201,-0.925163,109.2,123,TRUE,pink,cultivar
VAV-1433,CHN,D,30.8352,105.4024,-0.396947,-1.995159,0.053626,143.4,257,TRUE,pink,collected in 1998
VAV-1434,ETH,A,,,-1.288291,0.515017,0.077801,77.7,188,FALSE,white,cultivar
VAV-1435,MEX,,28.2943,-97.926,1.091495,1.952877,0.002735,141.7,38,TRUE,white,
VAV-1436,IND,D,27.0642,80.3468,-1.472115,-1.2081,-0.70194,97.6,157,TRUE,purple,collected in 1998
VAV-1437,ESP,A,40.9077,-2.7788,-3.696777,1.189218,0.218139,80.0,87,FALSE,pink,landrace
VAV-1438,ETH,B,9.9811,30.1248,0.228616,2.643738,-1.580455,115.9,14,TRUE,white,
VAV-1439,IND,D,18.1531,83.7294,-1.011553,-2.456226,0.015828,114.6,321,FALSE,purple,cultivar
VAV-1440,PER,B,-14.4767,-66.7916,0.989475,1.277763,-0.841454,124.7,1,TRUE,purple,cultivar
VAV-1441,PER,B,-8.601,-77.6923,1.143351,2.898402,-0.660749,91.5,,TRUE,purple,wild relative
VAV-1442,PER,B,-14.5523,-72.3525,1.040154,1.948383,0.679037,116.8,7,TRUE,white,wild relative
VAV-1443,ETH,C,9.7916,36.494,1.863284,-1.370534,1.343955,97.7,145,TRUE,pink,wild relative
VAV-1444,MEX,D,19.1488,-103.521,-1.708422,-2.82436,-0.970442,93.6,39,TRUE,pink,wild relative
VAV-1445,ETH,C,9.2633,45.1274,2.209023,-3.317096,1.609343,127.0,95,TRUE,white,"seed bank, Córdoba"
VAV-1446,PER,B,-10.8047,-85.5144,1.696009,2.380712,-1.702842,116.9,42,TRUE,purple,cultivar
VAV-1447,ESP,A,40.8533,-3.1557,-2.865361,1.55691,0.997426,122.8,244,TRUE,pink,wild relative
VAV-1448,ETH,C,10.5911,44.6508,1.471711,-1.415986,1.430763,100.1,146,TRUE,purple,"seed bank, Córdoba"
VAV-1449,PER,B,-19.2748,-64.0636,3.916067,2.147586,-0.151688,118.8,248,TRUE,white,"seed bank, Córdoba"
VAV-1450,CHN,D,31.9374,105.573,-1.220247,-1.782486,-0.494317,104.6,37,TRUE,pink,cultivar
VAV-1451,MEX,B,22.671,-95.4349,2.79537,2.254442,-0.259099,126.2,92,FALSE,pink,"seed bank, Córdoba"
VAV-1452,MEX,D,19.4224,-102.6912,-0.826642,-1.06655,-0.063747,86.4,144,TRUE,purple,landrace
VAV-1453,,A,22.411,-93.7253,-2.601452,2.539675,0.433101,119.2,398,TRUE,purple,collected in 1998
VAV-1454,ESP,B,39.5479,-6.0022,1.095752,1.538648,-1.669995,91.6,,TRUE,white,wild relative
VAV-1455,CHN,D,34.8954,103.54,-1.155187,-3.249679,-0.693343,104.6,113,TRUE,pink,landrace
VAV-1456,MEX,,,,1.796185,2.48157,-0.721962,97.5,191,TRUE,white,
VAV-1457,ETH,C,8.0512,39.9521,1.720442,-2.594394,1.606067,85.7,233,TRUE,pink,"seed bank, Córdoba"
VAV-1458,PER,B,-7.7957,-69.6127,2.596264,1.659275,-0.816742,111.3,137,TRUE,pink,
VAV-1459,MEX,B,25.3198,-98.3242,0.313908,1.77308,-1.508508,106.9,301,FALSE,pink,wild relative
VAV-1460,ETH,D,17.3408,45.0761,-1.933914,-1.309902,-0.512957,,24,TRUE,pink,collected in 1998
VAV-1461,PER,B,-11.0018,-68.776,1.571683,1.788701,-1.936552,104.3,20,TRUE,purple,cultivar
VAV-1462,ESP,A,39.9422,3.5236,-2.890962,0.599023,-0.180878,89.4,164,FALSE,white,wild relative
VAV-1463,PER,B,,,1.48874,0.93011,0.02684,85.1,169,TRUE,pink,wild relative
VAV-1464,IND,D,24.2659,82.1519,-0.939858,-2.192678,0.015628,95.9,344,,pink,"seed bank, Córdoba"
VAV-1465,MEX,B,23.8306,-98.4759,2.469102,2.174621,-0.926464,103.3,75,TRUE,white,collected in 1998
VAV-1466,PER,B,-12.87,-71.6183,2.161905,2.526356,-0.46854,68.5,22,TRUE,pink,"seed bank, Córdoba"
VAV-1467,ETH,C,13.7013,43.5167,2.645161,-1.731071,1.754228,116.7,88,TRUE,pink,collected in 1998
VAV-1468,CHN,D,39.383,105.1417,-1.107809,-1.396941,-0.803459,115.6,161,TRUE,purple,"seed bank, Córdoba"
VAV-1469,ETH,C,4.1597,50.6534,2.303536,-1.921523,0.266494,143.3,192,TRUE,pink,
VAV-1470,ETH,C,1.1803,35.6914,3.156704,-0.115143,0.856673,110.8,352,TRUE,pink,wild relative
VAV-1471,IND,B,21.5959,73.0636,1.245936,1.496893,-0.625035,99.7,19,TRUE,purple,cultivar
VAV-1472,MEX,B,20.3529,-101.4481,1.368098,1.059237,-0.655538,107.1,168,TRUE,purple,wild relative
VAV-1473,PER,B,-10.4664,-83.1071,1.364877,2.109287,-1.675445,138.7,30,TRUE,white,cultivar
VAV-1474,PER,B,-9.6581,-68.9373,3.005736,1.6606,-0.216213,84.9,83,TRUE,purple,collected in 1998
VAV-1475,IND,,15.4997,76.1375,-0.429644,-1.536546,-0.063419,140.2,98,TRUE,white,"seed bank, Córdoba"
VAV-1476,MEX,B,15.1374,-98.9918,0.591603,2.940167,-0.505174,110.7,73,FALSE,white,collected in 1998
VAV-1477,PER,B,-13.1799,-83.3387,2.262283,0.9366,-0.772275,80.5,199,FALSE,pink,landrace
VAV-1478,ETH,C,14.5729,43.9772,1.863078,-2.182297,0.441619,148.2,183,TRUE,purple,
VAV-1479,MEX,B,24.617,-107.8945,2.298993,2.111541,-1.284025,112.1,202,TRUE,pink,"seed bank, Córdoba"
VAV-1480,ESP,C,29.9163,3.4678,3.181633,-1.294366,2.86089,127.4,82,TRUE,purple,"seed bank, Córdoba"
VAV-1481,MEX,B,26.1595,-107.1667,1.863448,1.564105,-0.271938,79.6,86,FALSE,white,wild relative
VAV-1482,PER,B,-11.7527,-76.7494,2.05927,1.683377,-0.702231,113.1,66,TRUE,white,landrace
VAV-1483,CHN,D,37.7192,91.3083,-0.446071,-1.29565,-0.267431,95.0,181,TRUE,purple,collected in 1998
VAV-1484,IND,D,18.4509,73.7948,-1.920337,-1.04394,0.033092,113.1,345,FALSE,white,cultivar
VAV-1485,MEX,B,28.4432,-98.3171,2.788657,0.560421,-0.222875,126.3,144,TRUE,purple,collected in 1998
VAV-1486,,C,,,2.106156,-1.775729,0.324276,95.2,313,TRUE,pink,"seed bank, Córdoba"
VAV-1487,MEX,,19.8787,-94.1869,1.221716,-3.236134,0.992818,79.0,215,TRUE,pink,"seed bank, Córdoba"
VAV-1488,ESP,A,,,-1.811825,0.533898,0.282602,110.8,261,TRUE,white,landrace
VAV-1489,MEX,B,25.1919,-109.7052,2.147051,2.132374,-0.047161,109.3,237,TRUE,purple,cultivar
VAV-1490,ETH,C,15.9324,43.9445,3.055905,-0.798542,0.777771,125.2,362,FALSE,purple,collected in 1998
VAV-1491,PER,B,-3.6228,-78.6142,-0.168303,1.425995,-0.880509,112.5,123,FALSE,purple,landrace
VAV-1492,,D,13.5093,36.446,-1.64084,-0.338883,0.866731,104.9,9,TRUE,purple,cultivar
VAV-1493,ESP,,41.5106,-0.4338,-2.977498,0.687836,0.690506,78.4,226,TRUE,purple,collected in 1998
VAV-1494,ESP,A,33.9519,-7.4955,-1.224874,0.89871,-0.180674,125.9,184,TRUE,white,landrace
VAV-1495,PER,B,-12.8445,-71.7058,1.749416,1.873231,-0.503051,129.5,262,TRUE,purple,
VAV-1496,ETH,C,12.1564,44.7647,0.980588,-1.171116,0.04452,87.1,293,TRUE,pink,
VAV-1497,MEX,D,23.9372,-105.6503,-0.763123,-2.138441,0.223336,105.3,229,TRUE,purple,
VAV-1498,ESP,A,34.6068,-13.8885,-1.989778,0.45659,0.114426,92.4,229,TRUE,pink,wild relative
VAV-1499,ESP,A,44.9598,-9.0062,-1.580278,0.990858,0.413038,,93,TRUE,pink,collected in 1998
VAV-1500,ETH,C,6.1682,42.4813,2.009597,-1.965296,1.354034,107.0,154,TRUE,white,cultivar
VAV-1501,MEX,A,19.3261,-109.0717,-1.587812,1.141116,2.025265,111.3,42,,white,
VAV-1502,PER,B,-13.6556,-72.3719,3.370276,2.60031,-1.004489,153.3,291,,purple,"seed bank, Córdoba"
VAV-1503,CHN,D,37.9734,106.0236,-1.753965,-1.421142,-0.813991,94.5,363,TRUE,white,landrace
VAV-1504,MEX,B,19.9902,-102.3445,1.194157,2.248385,0.063805,111.4,311,TRUE,pink,cultivar
VAV-1505,IND,D,21.6965,82.2447,0.109555,-2.351645,-0.693373,126.5,399,FALSE,purple,landrace
VAV-1506,CHN,A,35.8472,103.4253,-2.372787,0.481291,0.751985,90.9,272,TRUE,white,wild relative
VAV-1507,ETH,C,12.2973,33.0152,2.012707,-1.203069,0.415275,102.6,264,TRUE,white,landrace
VAV-1508,ETH,C,13.6869,39.389,1.077372,-1.688543,1.040735,137.6,281,TRUE,purple,collected in 1998
VAV-1509,MEX,B,18.8265,-109.7778,1.564873,3.556997,-1.480113,127.3,,TRUE,white,"seed bank, Córdoba"
VAV-1510,,C,37.195,106.7075,0.570302,-1.795619,1.606748,104.1,31,TRUE,purple,cultivar
VAV-1511,ESP,A,39.0781,-11.3077,-0.951993,1.677812,0.52428,92.4,255,FALSE,purple,collected in 1998
VAV-1512,ESP,A,47.9981,2.3281,-1.79858,2.173152,0.822165,92.1,57,TRUE,purple,collected in 1998
VAV-1513,CHN,D,35.4724,106.3127,-1.159807,-1.511602,-0.974594,101.5,93,TRUE,pink,collected in 1998
VAV-1514,PER,,-5.5425,-71.9242,2.53649,1.602939,-0.869519,113.3,297,TRUE,purple,collected in 1998
VAV-1515,ESP,A,37.7708,-7.7916,-2.002612,2.020061,0.608112,99.7,339,TRUE,,"seed bank, Córdoba"
VAV-1516,IND,D,11.5383,80.9256,-0.945463,-1.771997,-1.232661,102.1,121,FALSE,pink,cultivar
VAV-1517,PER,B,-10.4222,-69.1129,1.846056,1.931275,0.058,111.2,164,TRUE,pink,landrace
VAV-1518,IND,D,19.8562,84.0006,-1.221842,-0.26262,0.247368,144.0,170,TRUE,pink,landrace
VAV-1519,PER,B,-7.4348,-79.427,2.34699,0.857,-1.83482,108.8,378,FALSE,white,
VAV-1520,IND,D,19.7868,78.3459,-1.246599,-1.414276,-0.969183,96.0,,FALSE,pink,cultivar
VAV-1521,CHN,D,,,-1.104125,-2.891183,-0.66187,90.5,237,FALSE,purple,
VAV-1522,MEX,B,26.1215,-100.5422,2.271018,3.311629,-0.449711,91.7,201,TRUE,pink,landrace
VAV-1523,PER,B,-8.2819,-74.8891,1.653061,0.444674,-0.879248,98.8,6,TRUE,white,wild relative
VAV-1524,ESP,A,40.1137,-18.7131,-1.531232,-0.064936,0.9014,118.5,100,TRUE,white,collected in 1998
VAV-1525,CHN,D,36.9714,107.6436,-1.137375,-2.263021,-1.825729,111.3,295,TRUE,white,wild relative
VAV-1526,ESP,A,36.3216,-0.3761,-1.23736,1.073215,0.886305,117.0,182,,white,"seed bank, Córdoba"
VAV-1527,IND,D,24.8604,78.1346,-1.762836,-1.449423,-0.342971,83.5,0,TRUE,purple,wild relative
VAV-1528,CHN,,37.7911,102.0814,-1.996124,-0.465918,-0.319243,150.4,247,FALSE,purple,
VAV-1529,IND,D,18.994,75.8978,-1.332073,-2.215256,0.352518,76.2,156,TRUE,pink,wild relative
VAV-1530,IND,D,20.4954,74.7067,-0.420915,-2.409097,-0.618929,68.9,83,TRUE,purple,landrace
VAV-1531,ESP,A,39.021,-10.8308,-4.106644,1.436773,0.443649,134.8,25,TRUE,pink,cultivar
VAV-1532,ETH,C,6.9362,34.7649,1.864645,-1.530444,0.531176,102.7,261,TRUE,white,cultivar
VAV-1533,,A,25.9077,77.3553,-2.219179,0.978284,1.175613,,289,TRUE,purple,collected in 1998
VAV-1534,PER,B,-15.1232,-75.0177,1.313711,1.652489,-0.503802,107.3,119,TRUE,pink,"seed bank, Córdoba"
VAV-1535,CHN,D,36.1139,107.697,-0.123726,-0.960801,-0.722231,91.2,156,TRUE,white,cultivar
VAV-1536,CHN,D,36.2774,102.9543,-1.287438,-2.402769,-0.982052,124.9,124,TRUE,purple,wild relative
VAV-1537,IND,D,17.2752,76.1558,-0.61292,-0.614901,-1.513206,111.9,358,TRUE,,cultivar
VAV-1538,,D,13.9131,79.7683,-1.640608,-2.904566,-1.649445,121.0,355,TRUE,pink,landrace
VAV-1539,,D,39.3242,106.8788,-0.739084,-1.899858,-0.100603,123.1,27,TRUE,purple,collected in 1998
VAV-1540,PER,B,-14.3696,-77.5814,1.142172,2.399994,-1.052471,118.6,274,TRUE,purple,"seed bank, Córdoba"
VAV-1541,PER,B,-13.0304,-76.1871,1.831698,1.381769,-1.270112,84.2,30,TRUE,pink,"seed bank, Córdoba"
VAV-1542,MEX,B,30.6616,-109.79,3.164786,1.819433,-1.256981,130.3,203,TRUE,purple,cultivar
VAV-1543,ETH,,7.852,39.492,3.168295,-0.83287,-0.139307,88.2,202,TRUE,pink,"seed bank, Córdoba"
VAV-1544,ETH,C,10.3909,41.5481,0.968643,-1.527921,1.068452,121.2,29,TRUE,purple,
VAV-1545,ETH,C,6.8483,37.3635,3.042361,-0.99607,0.194979,81.3,126,TRUE,purple,collected in 1998
VAV-1546,PER,B,-6.7632,-71.9103,0.863467,2.404748,-1.492667,101.5,29,TRUE,white,landrace
VAV-1547,PER,B,-6.0981,-75.3983,3.131409,0.938035,-1.389265,108.8,363,TRUE,white,wild relative
VAV-1548,CHN,D,29.3719,110.5457,-1.381124,-1.889467,-0.41728,97.6,165,TRUE,pink,cultivar
VAV-1549,PER,B,-15.0455,-58.9974,1.037045,1.805825,-1.028716,104.8,89,FALSE,purple,collected in 1998
VAV-1550,ETH,C,7.1404,47.4984,1.916096,-1.606879,0.734619,133.8,59,TRUE,pink,cultivar
VAV-1551,CHN,D,29.531,109.49,-1.477432,-2.059649,0.179775,102.8,29,FALSE,pink,cultivar
VAV-1552,ETH,C,4.5407,38.0148,1.316314,-1.194808,1.105114,131.5,39,TRUE,purple,landrace
VAV-1553,MEX,B,21.1837,-102.7068,0.829561,2.375888,0.378612,101.8,,TRUE,white,wild relative
VAV-1554,IND,D,21.8564,86.7899,-1.343955,-2.117739,-0.353986,104.7,84,TRUE,white,landrace
VAV-1555,ETH,D,10.0359,28.669,-0.64693,-0.249617,-1.268864,95.5,314,TRUE,pink,
VAV-1556,ETH,C,3.3172,41.8379,2.080155,-1.059947,1.04819,73.4,,TRUE,pink,
VAV-1557,MEX,B,21.5014,-105.9947,0.760987,1.967385,-1.546297,127.6,356,TRUE,pink,"seed bank, Córdoba"
VAV-1558,ETH,C,9.7468,40.3899,1.71994,-2.307181,0.822361,115.7,200,TRUE,white,cultivar
VAV-1559,CHN,D,31.4767,106.7332,-1.29704,-1.878596,-0.648953,107.3,92,TRUE,white,wild relative
VAV-1560,CHN,D,30.6127,94.3213,-1.441813,-2.535835,-1.097112,109.9,321,FALSE,white,"seed bank, Córdoba"
VAV-1561,,D,20.2932,75.9539,-0.294985,-2.643287,1.009154,117.3,95,TRUE,pink,cultivar
VAV-1562,PER,B,-18.5436,-85.6153,1.489595,1.650596,-1.270737,107.6,223,TRUE,pink,
VAV-1563,ETH,C,9.8471,42.3647,1.222001,-1.651904,1.471328,121.9,305,TRUE,pink,wild relative
VAV-1564,IND,D,22.3247,82.4635,-1.841991,-2.374785,-0.103331,146.6,388,TRUE,pink,cultivar
VAV-1565,ESP,A,43.7962,-3.0876,-3.148151,0.519459,0.018622,127.7,312,TRUE,pink,wild relative
VAV-1566,CHN,D,34.1557,99.7975,-1.246961,-0.828099,-0.651036,97.0,143,TRUE,purple,cultivar
VAV-1567,ETH,C,,,1.086572,-1.592906,1.529669,104.2,222,TRUE,white,wild relative
VAV-1568,CHN,D,40.0935,103.7475,-1.208073,-1.225358,0.172306,,212,TRUE,white,collected in 1998
VAV-1569,ESP,A,42.1572,4.2903,-2.350628,1.751954,-0.273992,96.9,211,,purple,cultivar
VAV-1570,IND,D,22.1099,79.888,-1.342173,-2.070875,0.957053,129.4,172,,purple,wild relative
VAV-1571,ESP,A,35.9263,5.4897,-2.066294,0.467056,-0.598443,88.1,149,TRUE,purple,cultivar
VAV-1572,PER,A,-9.6397,-84.2194,-1.621514,1.747495,0.113643,136.4,223,TRUE,pink,landrace
VAV-1573,CHN,D,37.8562,103.1436,-1.431123,-3.291117,-0.261195,105.8,352,TRUE,purple,cultivar
VAV-1574,MEX,B,21.1703,-110.3422,2.234689,2.982588,-1.011073,103.5,153,TRUE,pink,cultivar
VAV-1575,CHN,D,33.5753,104.8615,-0.915401,-2.516509,-0.813622,113.5,380,TRUE,purple,"seed bank, Córdoba"
VAV-1576,CHN,D,37.8698,98.7181,-1.869833,-1.834155,0.230618,98.7,186,FALSE,white,landrace
VAV-1577,PER,B,-11.7637,-75.9612,1.371981,1.885691,-1.550931,112.5,357,TRUE,,"seed bank, Córdoba"
VAV-1578,MEX,,20.1592,-106.5868,-0.287438,0.924336,-1.622561,127.7,91,TRUE,,collected in 1998
VAV-1579,ESP,A,46.1827,-13.2153,-2.301113,0.934581,-0.548511,115.9,39,TRUE,white,cultivar
VAV-1580,PER,C,-4.6594,-66.0252,-0.048719,-0.961261,0.944318,120.2,246,TRUE,purple,landrace
VAV-1581,,D,,,-0.923573,-1.390762,-0.59463,93.2,322,TRUE,white,cultivar
VAV-1582,CHN,B,27.8581,106.1925,1.758767,1.798477,0.473698,97.8,61,FALSE,pink,landrace
VAV-1583,PER,A,-14.3984,-85.8138,-2.468244,0.327089,-0.247474,126.3,191,FALSE,white,cultivar
VAV-1584,MEX,D,18.1289,-103.8495,0.357175,-1.757208,-0.115745,108.5,77,TRUE,pink,wild relative
VAV-1585,MEX,B,26.1697,-97.2519,4.405824,1.913132,-1.339678,90.1,20,FALSE,pink,wild relative
VAV-1586,CHN,D,39.3047,92.1372,-1.442968,-2.588315,-1.390413,74.5,186,TRUE,white,cultivar
VAV-1587,CHN,D,35.1413,108.7449,-0.915495,-3.010447,-0.258237,128.9,379,TRUE,purple,cultivar
VAV-1588,ESP,A,39.6195,-10.4321,-3.21828,1.407746,1.916403,115.6,112,TRUE,purple,cultivar
VAV-1589,PER,B,-7.9108,-82.6845,1.501157,1.954671,-0.823062,84.2,74,TRUE,pink,
VAV-1590,CHN,D,35.3193,112.4827,-0.898943,-2.636425,-1.179323,120.8,,FALSE,white,"seed bank, Córdoba"
VAV-1591,IND,D,19.0606,78.9422,-0.971334,-2.242112,-0.560044,132.6,356,TRUE,white,"seed bank, Córdoba"
VAV-1592,CHN,D,38.6976,109.2739,-0.311101,-2.703344,-0.182866,133.9,322,TRUE,pink,wild relative
VAV-1593,IND,D,23.0842,70.8816,-2.126435,-3.07641,-1.125976,121.5,84,TRUE,pink,wild relative
VAV-1594,,D,23.031,86.5757,-0.438063,-0.544145,-0.60053,101.5,399,TRUE,white,"seed bank, Córdoba"
VAV-1595,PER,B,-15.6928,-64.6316,1.606362,1.449811,-1.033925,127.7,322,TRUE,pink,collected in 1998
VAV-1596,PER,B,-14.3555,-65.9806,2.188497,1.957255,-1.350577,74.6,259,TRUE,pink,cultivar
VAV-1597,IND,D,20.9653,90.3823,-0.052138,-1.469382,-1.416409,90.2,398,TRUE,pink,wild relative
VAV-1598,ETH,C,,,2.038297,-1.180985,0.524232,,130,TRUE,purple,wild relative
VAV-1599,ESP,A,41.7255,-10.816,-1.734551,-0.126552,-0.698642,95.4,82,TRUE,pink,wild relative
VAV-1600,ETH,C,10.4987,43.2661,2.085074,-1.64222,0.589734,94.8,0,TRUE,white,"seed bank, Córdoba"
VAV-1601,MEX,B,27.697,-103.5386,0.981829,2.141259,-0.76522,106.8,6,TRUE,purple,"seed bank, Córdoba"
VAV-1602,PER,B,-5.3892,-70.4723,1.738827,2.084553,-1.806952,134.0,244,TRUE,purple,landrace
VAV-1603,PER,B,-3.365,-81.1523,1.689431,1.847117,-0.785093,117.2,94,TRUE,pink,wild relative
VAV-1604,ESP,B,41.377,-3.5628,0.573173,3.149656,-0.99411,117.1,18,TRUE,white,wild relative
VAV-1605,MEX,B,25.8324,-109.3914,1.482512,2.409869,-1.401366,87.4,162,TRUE,purple,collected in 1998
VAV-1606,ESP,A,44.4761,-18.1249,-3.231636,0.562511,1.078665,104.8,205,FALSE,white,collected in 1998
VAV-1607,ETH,C,,,1.995645,-0.748152,1.224302,109.2,153,TRUE,pink,"seed bank, Córdoba"
VAV-1608,PER,B,-13.3934,-79.7757,2.312842,1.758172,-1.468858,64.3,85,TRUE,pink,cultivar
VAV-1609,CHN,D,43.0281,105.5574,-1.686865,-3.300726,-1.74058,110.2,156,FALSE,pink,
VAV-1610,ETH,C,4.9542,33.5709,1.190866,-1.986596,1.377243,105.5,392,TRUE,white,"seed bank, Córdoba"
VAV-1611,ETH,C,2.9406,29.8014,2.127672,-1.056591,1.228241,141.7,205,,,collected in 1998
VAV-1612,IND,D,18.0332,88.6562,-0.835046,-0.252426,0.145365,151.4,65,TRUE,white,collected in 1998
VAV-1613,ETH,,7.0663,33.7462,2.290573,-0.392379,0.714395,95.1,325,TRUE,purple,collected in 1998
VAV-1614,ESP,A,50.6449,-6.7721,-1.734165,1.341456,0.444565,98.5,50,TRUE,pink,
VAV-1615,MEX,B,27.8204,-97.1116,2.419841,1.914845,-1.655025,71.6,94,TRUE,pink,wild relative
VAV-1616,ESP,A,36.6909,-2.8558,-1.573661,0.967832,0.675335,114.9,158,TRUE,pink,landrace
VAV-1617,ETH,D,9.362,41.7005,-0.474163,-1.640993,-0.365872,80.6,375,FALSE,white,wild relative
VAV-1618,ESP,A,41.4234,1.3715,-1.686381,0.740131,1.38757,148.1,153,TRUE,white,collected in 1998
VAV-1619,PER,B,-14.0261,-81.5758,1.475235,2.08812,-1.402496,105.6,360,TRUE,white,landrace
VAV-1620,ETH,C,7.6973,38.418,2.240932,-2.08421,2.186957,106.3,62,TRUE,purple,wild relative
VAV-1621,MEX,A,21.1778,-99.5326,-2.52493,1.958863,-0.626456,89.4,381,TRUE,,wild relative
VAV-1622,MEX,B,19.464,-94.6029,0.387973,1.181207,-0.582668,99.6,61,FALSE,purple,wild relative
VAV-1623,PER,D,-13.3574,-76.3717,-1.230989,-2.550147,-0.034395,101.0,,TRUE,pink,wild relative
VAV-1624,MEX,D,21.4558,-94.7783,-1.918924,-3.535254,-0.469008,102.3,250,TRUE,purple,
VAV-1625,ESP,A,49.4468,-11.5584,-0.787119,1.347526,1.168582,100.8,230,TRUE,purple,wild relative
VAV-1626,ESP,A,37.4822,-5.9283,-1.614272,0.498377,1.035797,91.6,355,TRUE,pink,landrace
VAV-1627,PER,B,-8.0221,-65.1131,1.478901,2.715982,-0.166883,102.4,148,FALSE,white,landrace
VAV-1628,IND,D,17.6585,81.4711,0.022208,-1.8303,-0.277883,137.6,334,TRUE,pink,cultivar
VAV-1629,CHN,D,33.8899,100.4135,-0.8991,-1.75478,-0.372896,98.0,69,TRUE,pink,landrace
VAV-1630,CHN,D,30.5297,99.3832,-0.283302,-1.681187,0.566866,122.2,294,TRUE,white,
VAV-1631,CHN,D,34.4174,94.3816,-1.309276,-1.531823,-0.072976,97.4,275,TRUE,pink,collected in 1998
VAV-1632,MEX,B,23.1571,-92.882,1.744406,1.994459,0.984622,105.8,218,TRUE,purple,landrace
VAV-1633,PER,B,-3.9696,-77.9583,0.44101,2.438958,-0.64784,98.0,369,TRUE,purple,
VAV-1634,ETH,C,10.366,34.2177,1.714706,-0.290333,1.558016,140.6,393,FALSE,purple,collected in 1998
VAV-1635,CHN,D,33.3582,97.4417,-1.739945,-2.659567,0.005789,121.0,242,TRUE,purple,wild relative
VAV-1636,IND,,17.7485,82.6439,-1.287138,-1.92628,-0.309543,96.4,46,TRUE,white,wild relative
VAV-1637,ETH,C,1.2563,47.293,3.108077,-1.317867,1.146315,101.3,,TRUE,pink,wild relative
VAV-1638,MEX,B,25.9042,-101.5831,1.35468,1.963927,-1.459998,105.6,82,TRUE,purple,collected in 1998
VAV-1639,ESP,A,46.7087,3.7581,-2.466983,-0.757943,-0.276944,86.3,283,TRUE,pink,
VAV-1640,PER,B,,,1.813397,1.904299,-0.061475,83.3,358,TRUE,white,collected in 1998
VAV-1641,ETH,C,6.1036,33.2713,1.517412,-2.258938,0.972958,122.6,21,TRUE,white,landrace
VAV-1642,PER,B,-12.231,-69.2242,0.608403,0.906347,-1.088821,125.2,,TRUE,purple,cultivar
VAV-1643,CHN,B,34.7237,119.2016,-0.125751,1.265209,-0.360139,99.4,325,TRUE,purple,"seed bank, Córdoba"
VAV-1644,ESP,A,43.0341,-0.8019,-1.229988,1.245319,0.509465,123.3,240,TRUE,pink,"seed bank, Córdoba"
VAV-1645,ETH,C,18.0229,36.2814,2.111108,-2.25095,0.39606,101.0,154,TRUE,purple,cultivar
VAV-1646,IND,D,22.5242,75.0496,-0.233049,-2.202801,0.432331,97.6,138,FALSE,pink,collected in 1998
VAV-1647,IND,D,25.4302,77.3783,-2.384677,-1.790423,0.687955,78.1,164,TRUE,purple,wild relative
VAV-1648,IND,D,23.193,69.7771,-0.836664,-2.155733,0.111372,93.6,298,TRUE,white,"seed bank, Córdoba"
VAV-1649,ESP,A,36.1846,-5.7146,-1.828218,0.550061,1.356467,121.2,268,TRUE,white,landrace
VAV-1650,,C,9.8656,42.2686,1.47275,-0.603989,1.945785,117.8,110,TRUE,white,wild relative
VAV-1651,ETH,A,8.6965,41.4956,-2.283908,1.644847,0.988414,114.1,24,TRUE,purple,landrace
VAV-1652,IND,D,13.819,79.0993,-0.27223,-2.404029,-0.647387,68.2,74,FALSE,white,landrace
VAV-1653,MEX,,26.179,-102.0947,2.587831,1.373033,-1.230697,93.3,178,FALSE,purple,"seed bank, Córdoba"
VAV-1654,ETH,C,12.763,37.5271,2.459271,-1.129116,0.69717,101.4,333,TRUE,white,"seed bank, Córdoba"
VAV-1655,ETH,C,10.2852,38.5236,1.022512,-1.38431,1.686783,104.5,35,TRUE,pink,landrace
VAV-1656,PER,B,-9.7292,-82.435,1.270804,2.028998,-0.755555,120.4,19,TRUE,white,cultivar
VAV-1657,MEX,B,18.728,-99.2031,1.71792,2.29209,-0.37528,101.6,376,TRUE,pink,landrace
VAV-1658,CHN,D,34.7594,100.0779,-2.305468,-1.926355,-0.199597,109.8,45,TRUE,purple,landrace
VAV-1659,ETH,C,,,2.642516,-1.09973,0.671266,109.3,73,TRUE,pink,wild relative
VAV-1660,MEX,B,22.3461,-102.6725,1.989716,0.897415,-0.089329,105.3,66,,purple,landrace
VAV-1661,ESP,A,44.287,-12.1019,-1.259925,0.676617,0.566191,107.7,228,TRUE,pink,landrace
VAV-1662,ESP,A,39.9662,-2.0703,-2.720324,0.684379,-0.238647,90.0,291,TRUE,white,landrace
VAV-1663,ESP,A,38.0458,-0.9087,-0.904221,2.358687,0.636896,113.2,33,FALSE,white,collected in 1998
VAV-1664,,D,21.4847,75.3883,-2.141727,-1.609111,-0.064758,86.9,28,TRUE,purple,landrace
VAV-1665,ETH,C,9.8792,41.0251,1.810421,-3.084092,0.992482,124.1,374,TRUE,pink,
VAV-1666,ESP,A,35.1038,1.2712,-1.934729,0.462723,1.330577,96.9,9,TRUE,pink,collected in 1998
VAV-1667,ESP,A,36.3053,-5.2766,-2.226922,0.741733,-0.789129,137.3,398,TRUE,white,wild relative
VAV-1668,CHN,D,26.2834,101.0599,-1.244443,-2.279854,0.537795,,312,FALSE,purple,
VAV-1669,IND,D,13.5124,78.3007,-1.401294,-1.08118,-0.807961,108.0,275,TRUE,pink,wild relative
VAV-1670,CHN,B,34.3914,102.037,0.868273,1.280664,-1.844238,,162,TRUE,pink,collected in 1998
VAV-1671,MEX,B,28.1718,-103.1299,0.822528,2.139102,-0.939097,100.3,68,TRUE,purple,collected in 1998
VAV-1672,MEX,B,27.3967,-108.0712,1.705632,1.48256,-0.488598,121.9,,TRUE,purple,landrace
VAV-1673,ESP,A,42.9892,-8.5412,-0.933499,1.26142,0.366305,99.2,57,TRUE,purple,"seed bank, Córdoba"
VAV-1674,ESP,A,46.1247,-2.5696,-2.309435,1.493205,0.236536,94.2,231,TRUE,white,
VAV-1675,PER,B,-14.0026,-78.4989,0.903435,1.677635,-0.594988,104.1,286,TRUE,pink,collected in 1998
VAV-1676,IND,D,18.0251,62.0537,-0.739443,-2.618079,0.647066,121.3,132,TRUE,pink,landrace
VAV-1677,CHN,D,24.9983,102.1143,-2.289826,-2.133871,-1.881237,93.4,250,TRUE,purple,
VAV-1678,CHN,D,32.6538,95.8444,-1.096775,-1.800325,-0.625777,103.4,187,FALSE,white,wild relative
VAV-1679,CHN,D,32.7078,101.0653,-1.330909,-1.772523,-1.60342,113.3,98,TRUE,pink,landrace
VAV-1680,IND,D,12.0097,84.5084,-1.763928,-1.040268,-1.839569,118.1,189,TRUE,purple,
VAV-1681,CHN,D,40.7718,100.9268,-0.530837,-1.75912,-0.291951,,385,FALSE,white,cultivar
VAV-1682,PER,B,-11.8803,-81.5059,1.301392,2.54564,-1.380244,94.6,365,TRUE,purple,wild relative
VAV-1683,ETH,C,6.4336,41.1446,2.617333,-1.104975,-0.205783,83.9,109,TRUE,purple,"seed bank, Córdoba"
VAV-1684,PER,D,-14.2398,-84.2461,-1.67549,-1.692519,0.097844,136.9,370,TRUE,purple,cultivar
VAV-1685,ESP,A,34.0757,-1.0589,-2.822268,2.090973,1.124861,80.0,260,TRUE,white,"seed bank, Córdoba"
VAV-1686,ETH,C,13.2488,43.6697,0.802786,-2.306574,2.557731,139.9,324,FALSE,purple,collected in 1998
VAV-1687,MEX,B,24.2467,-108.2771,0.961662,2.583712,-1.548143,86.9,0,TRUE,pink,
VAV-1688,MEX,B,27.3398,-112.7366,1.501963,2.135422,-2.136439,105.1,162,TRUE,purple,cultivar
VAV-1689,ESP,B,53.0297,-2.3084,1.823669,2.177675,-0.395387,104.7,,TRUE,pink,cultivar
VAV-1690,,B,26.3856,-99.4896,2.197073,2.183467,-1.142804,,286,FALSE,white,landrace
VAV-1691,ESP,A,39.227,2.627,-1.219037,0.170009,-1.220731,93.4,239,TRUE,,collected in 1998
VAV-1692,IND,D,17.7808,84.6525,-0.57116,-2.981624,-0.331516,74.0,17,FALSE,white,wild relative
VAV-1693,ESP,A,41.3887,-12.1939,-1.094148,0.738172,0.63612,110.0,207,TRUE,white,cultivar
VAV-1694,MEX,B,21.5132,-104.539,0.851293,2.360585,0.182007,128.8,73,TRUE,pink,"seed bank, Córdoba"
VAV-1695,ETH,C,4.4633,37.3696,2.738946,-2.005643,1.936577,105.8,155,TRUE,pink,"seed bank, Córdoba"
VAV-1696,ETH,C,10.1342,35.6402,1.93596,-2.176726,1.648991,114.8,174,TRUE,purple,wild relative
VAV-1697,ETH,C,5.6721,37.32,1.928186,-2.073366,0.336845,,373,TRUE,white,cultivar
VAV-1698,PER,B,-8.3729,-80.66,1.7818,2.836135,-1.612546,112.5,50,TRUE,pink,cultivar
VAV-1699,CHN,,36.0431,102.9132,-0.984665,-1.598051,-0.988319,,155,TRUE,purple,"seed bank, Córdoba"
VAV-1700,ESP,A,38.8071,-1.9663,-1.779369,1.484622,-0.011854,100.1,359,TRUE,purple,wild relative
VAV-1701,MEX,B,22.3239,-106.1856,-0.145418,0.919459,-0.750666,82.6,176,TRUE,pink,landrace
VAV-1702,CHN,,38.4096,95.6377,-0.504399,-2.782492,-0.273966,97.2,376,TRUE,pink,cultivar
VAV-1703,ESP,B,,,1.283303,2.166275,0.091788,129.6,18,TRUE,purple,"seed bank, Córdoba"
VAV-1704,ETH,,13.5622,29.9612,2.458401,1.002771,0.043936,120.8,262,TRUE,pink,
VAV-1705,IND,A,21.3722,79.9945,-2.535962,0.645023,0.896949,81.9,271,TRUE,pink,landrace
VAV-1706,MEX,B,25.5021,-110.048,0.592969,2.917318,-1.035923,96.2,49,FALSE,white,"seed bank, Córdoba"
VAV-1707,ETH,B,5.1431,35.1714,0.751694,1.117889,-1.227158,115.6,171,TRUE,white,cultivar
VAV-1708,IND,D,19.4529,74.8801,-1.3453,-1.633293,-0.978039,89.1,354,TRUE,purple,"seed bank, Córdoba"
VAV-1709,ETH,C,12.3547,44.4388,2.357448,-3.458052,1.007425,132.2,333,FALSE,pink,cultivar
VAV-1710,PER,B,-10.3157,-68.1588,1.70462,1.615785,-1.758035,139.9,31,FALSE,pink,landrace
VAV-1711,CHN,D,34.9509,103.1229,-0.368105,-2.690714,-0.867275,86.3,185,TRUE,purple,wild relative
VAV-1712,IND,D,20.1452,78.6073,-2.041882,-1.596617,0.949257,147.5,57,TRUE,white,cultivar
VAV-1713,ESP,A,27.3166,-1.8173,-2.576128,1.080477,2.014753,141.4,356,TRUE,white,landrace
VAV-1714,IND,A,22.0393,78.5718,-2.720084,1.874496,-0.633994,118.0,6,TRUE,white,landrace
VAV-1715,CHN,,42.1412,96.4564,-1.839172,-2.584038,-0.643036,136.1,360,TRUE,white,"seed bank, Córdoba"
VAV-1716,ETH,C,11.876,40.7429,2.356169,-1.006568,1.395888,128.0,124,FALSE,white,collected in 1998
VAV-1717,MEX,B,32.4041,-103.4545,1.493982,1.661248,-0.870411,90.2,314,,pink,wild relative
VAV-1718,CHN,D,38.3532,98.5398,-1.584012,-1.627151,-0.339229,115.7,83,TRUE,pink,collected in 1998
VAV-1719,ETH,C,6.6301,51.6906,2.779849,-1.368984,1.725435,107.9,364,TRUE,white,collected in 1998
VAV-1720,PER,B,-7.5327,-70.5942,2.19801,1.219368,-0.257332,122.7,285,TRUE,purple,collected in 1998
VAV-1721,ESP,A,41.226,3.2067,-2.821229,0.905597,-0.178241,114.8,325,FALSE,pink,"seed bank, Córdoba"
VAV-1722,IND,D,26.2973,69.8942,-0.935242,-2.502616,0.02382,124.0,319,TRUE,purple,collected in 1998
VAV-1723,ESP,A,32.3372,-1.8697,-1.664218,1.152068,1.354348,105.1,,,pink,cultivar
VAV-1724,MEX,B,16.4337,-92.8891,0.78425,2.15226,-1.175015,155.5,76,TRUE,purple,"seed bank, Córdoba"
VAV-1725,MEX,B,15.5416,-93.4294,0.711575,1.507572,-1.54751,98.7,316,TRUE,purple,"seed bank, Córdoba"
VAV-1726,CHN,D,42.8717,109.9698,0.342705,-2.385731,-0.992037,,140,TRUE,white,wild relative
VAV-1727,IND,D,14.758,71.3662,-0.670557,-1.290902,0.449648,79.4,133,TRUE,white,collected in 1998
VAV-1728,PER,,-7.1686,-70.4591,-0.033168,1.906301,-2.331928,100.5,57,TRUE,white,collected in 1998
VAV-1729,CHN,,40.3037,106.0671,-0.237489,-2.23412,-0.18002,112.5,121,TRUE,purple,wild relative
VAV-1730,CHN,A,29.2053,104.9705,-1.698717,0.659099,-0.943773,115.8,362,TRUE,purple,cultivar
VAV-1731,PER,B,-8.9321,-73.0682,0.569547,1.644719,-0.493697,,366,TRUE,purple,landrace
VAV-1732,IND,D,13.6485,80.9643,-1.74583,-3.196972,-0.494984,97.4,58,TRUE,white,landrace
VAV-1733,IND,D,17.454,73.2031,-0.346051,-2.351288,1.369718,82.7,352,TRUE,purple,"seed bank, Córdoba"
VAV-1734,ESP,A,36.3753,-3.4313,-2.486681,1.163221,0.720361,134.8,128,FALSE,purple,"seed bank, Córdoba"
VAV-1735,CHN,,40.8236,94.278,-1.422043,-2.09119,-0.212035,102.1,189,TRUE,pink,wild relative
VAV-1736,PER,B,-10.0697,-77.6884,2.309626,1.64953,-1.743844,96.9,179,TRUE,white,wild relative
VAV-1737,PER,B,-5.7802,-85.9535,2.059106,2.883789,-1.287791,132.2,9,FALSE,pink,landrace
VAV-1738,MEX,B,17.9832,-102.7942,0.320999,1.797391,-0.228959,118.1,363,TRUE,purple,cultivar
VAV-1739,CHN,D,34.6684,97.6566,-1.034832,-1.956602,-1.24435,99.0,200,TRUE,white,cultivar
VAV-1740,IND,D,24.5289,70.3494,-1.703427,-2.253277,-0.846236,150.0,367,,purple,wild relative
VAV-1741,ETH,C,,,2.059164,-2.112097,0.753106,142.1,119,TRUE,white,
VAV-1742,IND,D,22.4616,81.4877,-1.572631,-1.834961,-1.7768,79.3,118,TRUE,pink,
VAV-1743,MEX,B,25.7882,-113.4115,0.732081,2.091603,-0.016065,114.0,137,TRUE,purple,"seed bank, Córdoba"
VAV-1744,ETH,C,3.4747,37.9362,2.125318,-1.961892,-0.685698,89.7,72,TRUE,purple,cultivar
VAV-1745,PER,B,-10.1978,-74.4126,0.838721,1.775905,-1.282861,87.5,267,FALSE,purple,collected in 1998
VAV-1746,CHN,,25.4708,99.2446,3.133504,-1.164592,0.858636,106.5,287,TRUE,purple,"seed bank, Córdoba"
VAV-1747,PER,B,-13.9317,-82.1104,1.235141,1.405326,-2.296301,100.6,114,TRUE,white,"seed bank, Córdoba"
VAV-1748,IND,,17.777,74.8313,-0.51922,-2.09351,-0.238976,95.4,16,TRUE,pink,wild relative
VAV-1749,ESP,A,40.3639,0.3993,-1.749204,0.355102,1.004763,119.9,371,TRUE,purple,collected in 1998
VAV-1750,IND,D,24.1933,70.2921,-1.098775,-3.158211,-0.987875,86.3,22,TRUE,purple,cultivar
VAV-1751,CHN,,35.5693,105.173,-0.979539,-3.093052,-0.696424,63.3,299,TRUE,white,cultivar
VAV-1752,MEX,B,28.9233,-113.8619,1.584505,3.195192,-0.320996,105.2,196,TRUE,purple,landrace
VAV-1753,IND,D,16.3958,81.9824,-1.682221,-2.273204,-1.068661,93.9,,TRUE,pink,wild relative
VAV-1754,IND,D,22.7027,69.3478,-0.244423,-2.467184,-0.369589,90.8,3,TRUE,purple,"seed bank, Córdoba"
VAV-1755,ESP,A,31.876,-0.1017,-1.517449,0.409152,-0.078631,115.8,188,TRUE,pink,collected in 1998
VAV-1756,,,18.377,72.0776,-2.106181,-2.419957,-0.249619,101.4,152,TRUE,pink,cultivar
VAV-1757,ETH,C,11.8266,34.602,2.340844,-0.847653,0.205619,126.3,206,FALSE,purple,cultivar
VAV-1758,ETH,C,7.6693,40.47,2.44444,-1.432684,-0.103143,101.1,101,TRUE,white,cultivar
VAV-1759,CHN,D,32.9934,106.2266,-0.236672,-2.198757,-1.071964,124.3,18,TRUE,white,cultivar
VAV-1760,PER,B,-6.7178,-78.9824,1.701989,2.573517,-1.538378,88.6,153,FALSE,pink,wild relative
VAV-1761,ESP,A,42.384,-9.0403,-1.796419,0.178707,0.20693,120.5,56,TRUE,white,wild relative
VAV-1762,ESP,A,38.794,-6.9072,-0.840998,1.056998,1.818929,131.9,46,TRUE,white,collected in 1998
VAV-1763,CHN,D,28.6874,107.36,-0.199715,-1.141126,0.763959,87.6,242,TRUE,purple,landrace
VAV-1764,PER,C,-18.1512,-74.5182,2.100075,-1.228202,2.295446,140.3,382,TRUE,purple,cultivar
VAV-1765,ETH,C,10.2234,39.7305,2.655579,-1.895655,1.871456,128.0,16,TRUE,purple,cultivar
VAV-1766,ETH,C,3.3408,37.386,1.948305,-0.58801,1.916162,85.9,207,TRUE,purple,"seed bank, Córdoba"
VAV-1767,IND,D,21.0521,87.1845,-1.862038,-2.179956,-0.977578,82.2,196,TRUE,white,"seed bank, Córdoba"
VAV-1768,ESP,A,39.8869,-10.3731,-1.722122,1.700836,-0.132587,132.2,233,TRUE,white,"seed bank, Córdoba"
VAV-1769,MEX,B,33.667,-113.6605,1.518865,1.923376,-1.54545,83.9,306,TRUE,purple,collected in 1998
VAV-1770,IND,D,19.2024,84.1443,-0.666932,-2.746546,-0.203256,74.5,375,TRUE,pink,"seed bank, Córdoba"
VAV-1771,ETH,C,8.9296,28.056,1.109315,-1.04955,2.313055,121.9,71,TRUE,purple,collected in 1998
VAV-1772,ETH,B,2.4241,29.3267,1.539159,1.463268,-0.871405,141.1,358,TRUE,purple,cultivar
VAV-1773,MEX,B,25.2658,-101.3259,3.358104,1.121596,-2.714523,131.7,105,TRUE,purple,cultivar
VAV-1774,ESP,A,45.6004,-6.0964,-2.076363,0.958718,1.33275,74.0,135,TRUE,pink,landrace
VAV-1775,CHN,D,35.3762,110.5217,-1.036442,-2.392848,-0.997115,88.9,271,TRUE,pink,cultivar
VAV-1776,ESP,A,38.5075,-4.1225,-1.450471,0.188016,1.376196,94.6,263,TRUE,purple,"seed bank, Córdoba"
VAV-1777,MEX,,23.6506,-98.1256,1.204239,1.973358,-0.582732,84.0,244,TRUE,white,
VAV-1778,CHN,D,36.8597,105.5142,-1.174874,-1.82514,-0.137229,123.7,86,TRUE,purple,cultivar
VAV-1779,IND,C,13.9013,66.5386,1.425391,-2.522663,1.273179,86.8,186,TRUE,purple,wild relative
VAV-1780,CHN,B,38.6046,99.4527,2.329369,2.157293,-1.718458,75.9,157,TRUE,pink,landrace
VAV-1781,PER,B,-8.2472,-75.7935,2.093878,1.147789,-0.229494,112.8,142,TRUE,pink,landrace
VAV-1782,ETH,,12.0195,37.4869,-2.080968,0.756487,0.704751,,65,TRUE,purple,landrace
VAV-1783,CHN,D,38.8757,104.2127,-1.657006,-1.836577,-0.870928,68.3,183,TRUE,purple,collected in 1998
VAV-1784,,A,37.5971,-0.9548,-3.281762,0.506511,0.247211,108.0,299,TRUE,pink,collected in 1998
VAV-1785,MEX,B,27.1111,-100.4467,1.574561,3.323167,-0.933736,124.1,,TRUE,white,"seed bank, Córdoba"
VAV-1786,MEX,B,23.3989,-100.6224,1.852484,1.808858,-0.259375,127.2,289,TRUE,pink,wild relative
VAV-1787,IND,D,20.4562,82.7893,-1.215007,-1.313031,-0.279519,104.3,109,TRUE,white,"seed bank, Córdoba"
VAV-1788,ESP,A,40.586,4.0714,-3.213785,0.922887,0.331681,122.2,311,TRUE,pink,collected in 1998
VAV-1789,IND,D,23.4603,81.0583,0.217519,-2.325943,-0.861873,69.3,81,FALSE,,
VAV-1790,ESP,A,44.531,6.2408,-2.361836,1.45858,0.01453,94.7,231,TRUE,white,cultivar
VAV-1791,IND,D,18.2344,75.6079,-2.80901,-1.117785,-1.112972,106.6,177,TRUE,purple,landrace
VAV-1792,IND,D,15.8538,77.725,-1.876367,-1.732101,0.916142,101.2,226,TRUE,,landrace
VAV-1793,IND,D,22.8093,78.5601,-1.555413,-2.459727,0.05046,117.9,253,TRUE,pink,"seed bank, Córdoba"
VAV-1794,PER,B,-3.9932,-77.2523,1.796408,2.616106,-1.276589,90.4,278,TRUE,purple,"seed bank, Córdoba"
VAV-1795,IND,A,24.2308,83.9947,-2.440143,1.287941,-1.442359,98.6,120,TRUE,white,wild relative
VAV-1796,IND,D,24.4059,82.8039,-1.078261,-2.135771,-0.480379,105.1,35,FALSE,pink,wild relative
VAV-1797,ESP,A,43.9048,-1.4385,-1.916022,1.577139,0.562266,96.9,3,TRUE,purple,collected in 1998
VAV-1798,MEX,B,20.3286,-110.5353,1.1625,2.794304,-1.276641,,37,TRUE,pink,landrace
VAV-1799,MEX,B,21.1722,-94.6022,1.34185,2.06312,-1.32998,98.7,383,TRUE,purple,wild relative
VAV-1800,MEX,B,17.5618,-107.497,1.325043,1.509639,-1.135519,118.6,71,FALSE,,landrace
VAV-1801,CHN,D,39.4756,110.9667,-1.066604,-1.647966,1.292884,114.9,121,TRUE,,landrace
VAV-1802,PER,B,-10.6131,-72.8494,0.626327,1.781997,-1.034885,119.1,317,TRUE,pink,landrace
VAV-1803,ETH,C,2.3867,43.6686,2.887169,-2.356346,1.967484,69.4,36,TRUE,pink,landrace
VAV-1804,IND,D,23.3618,73.7367,-0.865464,-1.595645,-0.745066,142.6,246,TRUE,purple,wild relative
VAV-1805,MEX,B,21.0925,-114.4202,1.87241,1.04541,-1.405487,83.1,128,TRUE,white,cultivar
VAV-1806,CHN,D,25.8087,96.2594,-1.233602,-1.321083,-0.02511,109.9,213,TRUE,pink,collected in 1998
VAV-1807,IND,B,20.178,72.9764,1.118376,1.271372,-0.356266,125.2,112,TRUE,pink,landrace
VAV-1808,ETH,C,7.8049,43.6208,2.424221,-1.297785,0.875231,127.2,15,FALSE,purple,collected in 1998
VAV-1809,PER,A,0.2167,-78.183,-2.961712,1.451555,-1.255021,114.5,377,TRUE,white,cultivar
VAV-1810,ESP,,33.6096,5.0368,-3.794349,0.030293,0.328843,103.1,,FALSE,purple,wild relative
VAV-1811,MEX,B,22.8912,-105.447,1.687168,2.427598,-0.196843,134.1,274,TRUE,pink,wild relative
VAV-1812,ETH,C,11.2434,33.164,1.566449,-1.698284,1.636231,121.0,145,TRUE,pink,cultivar
VAV-1813,IND,D,16.4717,83.4183,-1.151547,-2.136823,-0.122056,102.5,237,TRUE,white,cultivar
VAV-1814,IND,D,28.8978,71.5549,-2.489047,-2.030761,-0.226986,86.1,28,FALSE,white,landrace
VAV-1815,PER,B,-15.1737,-76.699,2.279686,2.054002,-2.204817,128.2,260,TRUE,pink,landrace
VAV-1816,CHN,,36.5341,95.5112,-1.330702,-1.362703,-0.420799,128.4,136,TRUE,white,cultivar
VAV-1817,IND,D,17.2274,70.612,-0.325924,-1.779083,-0.127571,,370,,white,
VAV-1818,MEX,B,19.3463,-97.4582,1.206309,1.313375,-0.606896,117.3,133,TRUE,white,cultivar
VAV-1819,MEX,B,27.1978,-108.9641,2.946691,2.425158,-1.009812,157.6,208,TRUE,pink,landrace
VAV-1820,PER,C,-9.3875,-75.7704,1.965577,-2.692476,0.766122,117.3,316,FALSE,white,"seed bank, Córdoba"
VAV-1821,MEX,D,17.0114,-102.2099,-1.291308,-1.452501,0.082445,92.0,44,TRUE,white,"seed bank, Córdoba"
VAV-1822,ETH,C,,,1.484632,-1.26872,1.721694,107.8,188,TRUE,pink,wild relative
VAV-1823,MEX,B,26.8109,-101.9391,0.921989,1.537721,-1.825544,120.4,98,TRUE,purple,landrace
VAV-1824,ETH,C,9.9197,37.8451,3.126635,-2.930208,1.061664,98.2,136,TRUE,white,"seed bank, Córdoba"
VAV-1825,CHN,C,40.3173,101.5863,2.506538,-1.081079,0.489469,106.9,224,TRUE,purple,"seed bank, Córdoba"
VAV-1826,ETH,D,0.4368,32.1937,-0.820391,-2.313831,0.021537,,249,TRUE,purple,collected in 1998
VAV-1827,MEX,A,24.8194,-84.0262,-1.735055,1.367356,0.182782,132.5,252,FALSE,white,collected in 1998
VAV-1828,IND,D,19.1415,84.1897,-0.451435,-2.276913,0.037216,121.0,177,TRUE,purple,cultivar
VAV-1829,PER,B,-10.4437,-80.2208,1.453912,0.831572,-1.327699,98.3,318,,pink,cultivar
VAV-1830,CHN,D,32.3915,97.3517,-0.857795,-1.260935,-1.757749,76.7,167,TRUE,purple,collected in 1998
VAV-1831,CHN,D,37.3677,105.1645,0.143047,-1.828233,-0.73349,100.2,189,TRUE,purple,
VAV-1832,MEX,B,,,1.327644,2.586675,-0.137418,117.5,257,FALSE,purple,collected in 1998
VAV-1833,ETH,C,9.2652,40.4517,1.654579,-0.972732,1.343798,66.5,245,TRUE,pink,collected in 1998
VAV-1834,IND,D,19.3943,73.2945,-1.317752,-1.877971,-1.338649,101.7,,TRUE,pink,"seed bank, Córdoba"
VAV-1835,ETH,C,9.8833,44.8332,3.317946,-1.04761,1.676904,125.7,158,TRUE,white,wild relative
VAV-1836,CHN,D,28.1647,99.6498,-0.699359,-1.2191,0.763828,135.2,133,FALSE,purple,
VAV-1837,IND,D,13.9577,81.6177,-1.119197,-2.427708,-0.263471,104.7,112,TRUE,pink,wild relative
VAV-1838,ESP,A,43.8389,2.8433,-1.771313,0.087289,-1.161569,104.4,226,FALSE,pink,"seed bank, Córdoba"
VAV-1839,PER,C,,,0.879266,-2.455597,2.153502,135.5,116,TRUE,pink,"seed bank, Córdoba"
VAV-1840,PER,B,-9.4428,-68.5106,0.415148,2.284681,0.048545,107.4,122,TRUE,pink,cultivar
VAV-1841,ETH,C,15.1366,34.496,3.584554,-1.047499,0.10775,103.2,185,TRUE,purple,collected in 1998
VAV-1842,IND,D,19.8217,91.2941,-0.273161,-2.844882,-0.608924,99.9,11,TRUE,purple,"seed bank, Córdoba"
VAV-1843,CHN,D,30.6027,97.0077,-1.037406,-0.825415,-0.261164,95.5,342,TRUE,purple,"seed bank, Córdoba"
VAV-1844,ESP,A,46.8209,-9.4823,-2.108189,1.667154,0.724849,94.5,7,TRUE,purple,landrace
VAV-1845,CHN,D,26.2976,107.2597,-1.441311,-1.655752,0.06061,105.3,289,TRUE,purple,cultivar
VAV-1846,PER,D,-5.547,-76.9474,-1.726871,-2.667831,-1.261234,102.3,,TRUE,white,collected in 1998
VAV-1847,ETH,C,,,2.790802,-0.516436,1.956953,111.1,385,TRUE,purple,landrace
VAV-1848,CHN,D,35.2966,92.9874,0.050197,-1.26766,-2.008605,89.2,96,TRUE,pink,cultivar
VAV-1849,IND,D,20.1892,71.7912,-2.122604,-2.761759,-1.275933,,309,TRUE,white,collected in 1998
VAV-1850,CHN,D,40.6658,104.0189,-0.974345,-1.547272,-0.261365,95.1,297,TRUE,white,
VAV-1851,ETH,C,10.3144,41.4438,1.720999,-2.451521,0.813165,104.1,323,TRUE,pink,landrace
VAV-1852,ESP,A,41.2595,9.8806,-2.537731,0.981832,1.690978,109.4,94,FALSE,pink,wild relative
VAV-1853,MEX,B,24.2569,-102.7839,1.076638,2.878229,-0.536735,120.0,49,TRUE,white,wild relative
VAV-1854,IND,D,23.385,71.0323,-1.471778,-2.067361,-0.756787,102.8,196,TRUE,pink,cultivar
VAV-1855,ETH,C,8.7128,47.6863,1.744455,-1.13557,0.807934,120.5,215,TRUE,white,cultivar
VAV-1856,PER,B,-7.9963,-77.2426,1.26971,3.189398,-0.239853,85.0,116,FALSE,purple,
VAV-1857,MEX,B,22.2119,-94.5634,2.094661,2.119123,-0.070474,103.8,322,TRUE,purple,landrace
VAV-1858,IND,D,29.2736,77.8886,-1.578673,-0.894196,-1.495942,101.9,,TRUE,purple,wild relative
VAV-1859,MEX,B,,,0.607393,1.23116,-1.232987,134.5,259,TRUE,white,wild relative
VAV-1860,ETH,C,9.2831,39.6664,1.215258,-0.519667,1.182433,88.4,382,TRUE,purple,cultivar
VAV-1861,ETH,C,10.7408,33.6608,1.239594,-1.126222,1.613144,128.9,118,TRUE,white,"seed bank, Córdoba"
VAV-1862,ETH,C,7.2523,47.2119,2.031874,-1.836899,1.295159,116.2,354,FALSE,purple,collected in 1998
VAV-1863,IND,D,30.1577,74.1646,-0.041944,-1.649748,-0.099449,127.6,176,TRUE,white,
VAV-1864,CHN,,44.1057,99.9749,0.068747,-1.92765,0.236429,139.9,334,TRUE,white,collected in 1998
VAV-1865,IND,D,17.1635,73.0396,-0.651657,-2.254403,-0.62505,141.1,29,TRUE,purple,collected in 1998
VAV-1866,ETH,C,4.486,38.0378,3.310598,-2.421254,0.990675,79.1,324,FALSE,pink,"seed bank, Córdoba"
VAV-1867,CHN,D,33.6488,107.5356,0.467554,-1.103917,-1.235553,110.9,180,FALSE,purple,collected in 1998
VAV-1868,ETH,C,1.7844,35.0182,1.235741,-1.386773,2.063682,88.1,86,TRUE,pink,collected in 1998
VAV-1869,ETH,C,11.0238,40.3827,1.122007,-1.899319,1.395196,108.9,357,FALSE,white,"seed bank, Córdoba"
VAV-1870,IND,D,22.3141,83.5426,-0.661515,-1.884407,-1.228441,115.4,189,TRUE,,
VAV-1871,ESP,A,34.906,8.5742,-2.731953,2.721296,1.172445,101.9,203,TRUE,white,"seed bank, Córdoba"
VAV-1872,CHN,D,29.8737,101.2309,-2.764969,-1.799799,-0.485917,131.8,363,TRUE,white,landrace
VAV-1873,ESP,A,37.564,-0.6654,-2.217653,0.293851,0.253783,131.4,64,TRUE,,wild relative
VAV-1874,CHN,D,31.6485,104.6928,-0.900592,-2.207723,-1.128984,118.2,383,TRUE,,collected in 1998
VAV-1875,IND,D,19.9377,75.1239,-1.546454,-2.484421,-1.15976,121.4,324,TRUE,white,wild relative
VAV-1876,,D,37.8231,104.0207,-0.829199,-2.82237,-0.278245,103.5,33,TRUE,white,
VAV-1877,IND,D,17.962,71.0233,-1.879336,-2.529163,-0.677893,99.4,326,TRUE,pink,landrace
VAV-1878,PER,B,-10.5448,-76.7186,0.498822,1.782517,-1.456834,123.4,3,TRUE,pink,"seed bank, Córdoba"
VAV-1879,MEX,B,18.6197,-112.8396,0.449149,1.923756,-2.018217,144.9,,TRUE,purple,collected in 1998
VAV-1880,MEX,B,21.0864,-110.0426,1.33897,2.921193,0.090164,126.5,39,,white,wild relative
VAV-1881,ESP,A,43.7054,4.1759,-1.982622,0.570793,1.106565,74.8,168,FALSE,pink,collected in 1998
VAV-1882,PER,B,-12.3695,-74.9086,1.841428,3.038329,-0.892701,137.3,229,TRUE,white,"seed bank, Córdoba"
VAV-1883,IND,D,21.6377,82.2516,-0.663157,-2.734031,-0.412846,107.4,379,TRUE,,
VAV-1884,PER,B,,,0.044502,1.992506,0.276665,97.4,107,TRUE,purple,wild relative
VAV-1885,CHN,D,34.2792,104.8806,-1.690814,-1.863203,0.322087,97.5,308,TRUE,purple,wild relative
VAV-1886,CHN,D,36.5105,95.4901,-1.044809,-2.018297,-0.39658,84.9,135,TRUE,white,collected in 1998
VAV-1887,PER,B,-6.8108,-72.171,2.607169,2.370723,-0.456934,86.0,365,TRUE,pink,
VAV-1888,ETH,A,9.3067,38.4395,-0.993256,1.253793,1.935144,,367,TRUE,white,wild relative
VAV-1889,IND,D,23.3294,67.4554,-1.536613,-1.256749,-0.146494,142.3,51,TRUE,white,cultivar
VAV-1890,CHN,,30.4284,88.0353,-1.70249,-1.100925,0.127255,106.7,251,,,collected in 1998
VAV-1891,MEX,A,25.8789,-105.6832,-1.035023,2.184296,0.944889,102.3,294,FALSE,pink,"seed bank, Córdoba"
VAV-1892,,B,14.7432,-108.2575,1.031127,0.900527,-0.570661,96.2,160,FALSE,purple,cultivar
VAV-1893,CHN,A,43.473,104.1822,-2.093008,0.73459,2.086176,99.1,100,TRUE,purple,cultivar
VAV-1894,ESP,A,32.1313,-2.0527,-1.816442,-0.001607,0.152131,88.1,74,TRUE,purple,wild relative
VAV-1895,PER,B,-13.8366,-80.2878,2.346669,2.7042,1.200267,120.0,211,FALSE,white,"seed bank, Córdoba"
VAV-1896,PER,B,-11.2705,-64.8929,1.390201,1.858197,-1.296487,103.6,226,FALSE,purple,landrace
VAV-1897,ESP,D,38.2737,-0.9904,-1.001639,-1.326297,-0.211611,84.7,19,,white,collected in 1998
VAV-1898,CHN,D,36.9889,98.7201,-0.955301,-2.40737,0.584012,101.6,188,TRUE,pink,cultivar
VAV-1899,MEX,B,24.2702,-97.5005,1.239057,0.794641,0.203124,110.4,248,TRUE,pink,landrace
VAV-1900,IND,D,21.564,65.6888,-1.356289,-2.488924,0.191131,119.6,345,TRUE,purple,"seed bank, Córdoba"
VAV-1901,,D,17.729,80.1169,-0.278641,-2.608245,-0.79976,116.9,140,TRUE,purple,"seed bank, Córdoba"
VAV-1902,PER,B,-12.1306,-62.8515,0.727661,1.28814,-1.883216,102.2,168,FALSE,pink,"seed bank, Córdoba"
VAV-1903,CHN,D,34.4655,95.7431,-1.597671,-2.219076,-0.851204,97.7,248,FALSE,pink,collected in 1998
VAV-1904,MEX,D,15.4888,-106.9249,-1.88491,-3.914601,-0.535425,113.9,190,TRUE,white,wild relative
VAV-1905,ESP,A,41.8141,7.3723,-1.837582,1.65473,-0.405142,122.1,385,TRUE,white,collected in 1998
VAV-1906,PER,B,-11.8976,-80.0835,2.24669,2.220929,-2.414122,119.4,230,TRUE,pink,wild relative
VAV-1907,IND,D,22.3145,82.5059,-0.760542,-1.595497,-1.766258,123.0,222,TRUE,pink,landrace
VAV-1908,IND,B,21.9369,68.7351,0.994724,2.023608,-2.264251,70.3,93,,purple,landrace
VAV-1909,ESP,B,38.5988,-10.8874,1.756781,1.668838,-1.16512,122.8,253,TRUE,white,"seed bank, Córdoba"
VAV-1910,,C,12.7346,42.5377,1.364803,-2.106888,1.218102,110.0,93,TRUE,pink,"seed bank, Córdoba"
VAV-1911,CHN,D,31.1819,104.3937,-1.609371,-2.185936,0.144954,104.5,261,FALSE,purple,"seed bank, Córdoba"
VAV-1912,ESP,A,36.9593,-15.9667,-3.030831,1.258586,0.338297,123.9,245,,white,"seed bank, Córdoba"
VAV-1913,CHN,D,41.5178,110.2494,-0.566787,-1.257888,-0.538274,102.4,320,FALSE,white,wild relative
VAV-1914,MEX,B,20.2492,-104.8597,2.348999,2.647179,-0.887544,85.4,197,TRUE,pink,
VAV-1915,MEX,B,28.3892,-105.4799,1.847087,0.479014,-1.982934,119.2,249,TRUE,purple,landrace
VAV-1916,MEX,B,21.152,-99.754,1.631915,1.274908,-1.521137,122.1,209,TRUE,purple,landrace
VAV-1917,MEX,A,29.1509,-99.0152,-0.619898,1.26778,1.610627,102.8,46,TRUE,pink,"seed bank, Córdoba"
VAV-1918,IND,C,22.1877,70.5626,2.480613,-1.197322,1.628806,89.8,233,TRUE,purple,"seed bank, Córdoba"
VAV-1919,IND,A,23.8256,90.4006,-2.019195,1.510087,-0.64419,136.2,125,TRUE,pink,
VAV-1920,ETH,C,12.2605,32.7336,1.97541,-2.254344,0.354651,145.7,357,TRUE,white,landrace
VAV-1921,IND,D,19.9893,71.7683,-1.003944,-2.021883,-1.365317,134.0,35,FALSE,white,cultivar
VAV-1922,ETH,C,6.9005,40.6359,2.778869,-1.923409,-0.339491,75.0,332,FALSE,white,wild relative
VAV-1923,IND,D,17.0214,77.166,-2.486405,-2.669134,-0.164607,82.7,95,FALSE,pink,wild relative
VAV-1924,IND,D,22.345,71.9887,-1.662216,-2.180339,-0.833584,99.8,35,TRUE,white,wild relative
VAV-1925,CHN,A,34.2824,113.2964,-0.855878,2.131138,0.827326,121.1,288,TRUE,white,cultivar
VAV-1926,PER,B,-11.1149,-77.5489,0.904648,2.656456,-1.254156,129.3,244,TRUE,white,cultivar
VAV-1927,PER,B,-7.3096,-68.009,2.150759,1.236421,-1.398688,87.8,319,TRUE,white,cultivar
VAV-1928,ETH,C,12.8747,42.9615,3.098879,-0.211768,1.303786,98.1,390,TRUE,white,cultivar
VAV-1929,IND,D,23.3569,81.9268,-0.969618,-2.217794,-2.106537,128.3,195,TRUE,purple,collected in 1998
VAV-1930,IND,D,23.1713,82.9676,-0.597442,-2.32065,-1.934634,120.4,377,TRUE,white,"seed bank, Córdoba"
VAV-1931,MEX,A,20.6316,-100.0746,-2.584292,1.483064,0.19563,84.3,238,TRUE,pink,"seed bank, Córdoba"
VAV-1932,PER,B,-14.6658,-70.5448,1.587007,1.786222,-0.251013,94.9,4,TRUE,white,collected in 1998
VAV-1933,PER,B,-4.6761,-77.3942,1.930382,1.127226,-2.377967,103.4,,TRUE,pink,"seed bank, Córdoba"
VAV-1934,PER,B,-16.0463,-74.7327,0.648389,2.509074,-1.608345,112.9,19,FALSE,purple,landrace
VAV-1935,IND,D,21.4962,71.437,-0.022953,-1.409111,1.09371,126.7,212,FALSE,white,landrace
VAV-1936,ESP,C,35.1771,0.7019,2.190279,-2.12672,0.355948,140.3,196,TRUE,pink,cultivar
VAV-1937,ETH,C,15.5331,33.5423,1.995807,-0.910366,1.176448,114.7,365,TRUE,purple,cultivar
VAV-1938,MEX,B,25.1226,-113.3127,1.934988,2.494792,0.985914,110.3,,TRUE,pink,"seed bank, Córdoba"
VAV-1939,ETH,C,6.7204,33.9593,1.49038,-1.505798,0.623839,137.6,101,TRUE,white,
VAV-1940,,C,8.0359,31.4637,2.055851,-2.311886,1.601236,113.9,342,TRUE,purple,
VAV-1941,PER,B,-9.65,-74.5972,1.021798,1.650438,-1.903909,93.0,303,TRUE,purple,collected in 1998
VAV-1942,ETH,C,5.6334,46.4305,1.873227,-1.529082,0.944359,109.3,,TRUE,purple,landrace
VAV-1943,MEX,B,22.8231,-96.3069,1.764319,2.08676,-1.394595,97.7,,TRUE,white,landrace
VAV-1944,IND,D,15.7959,83.7935,-0.371784,-0.691499,-0.932022,97.5,369,TRUE,white,wild relative
VAV-1945,CHN,A,36.3466,92.4025,-1.969923,2.018033,-0.263048,97.1,385,TRUE,white,collected in 1998
VAV-1946,IND,D,22.0329,84.6685,0.05172,-1.875905,-2.06574,114.0,354,TRUE,,"seed bank, Córdoba"
VAV-1947,MEX,B,18.7847,-92.6693,0.628097,2.282485,-0.724508,,261,TRUE,pink,
VAV-1948,MEX,B,18.8865,-109.3576,1.50917,2.648456,-1.142547,93.7,337,TRUE,purple,"seed bank, Córdoba"
VAV-1949,PER,B,-6.5344,-75.8358,2.192911,1.875949,-0.324452,82.5,328,,white,cultivar
VAV-1950,CHN,D,37.7657,102.422,-0.042613,-1.763939,-1.216449,,388,TRUE,purple,"seed bank, Córdoba"
VAV-1951,ETH,C,5.3042,29.1649,1.24135,-2.027248,0.971255,147.4,182,TRUE,white,"seed bank, Córdoba"
VAV-1952,ESP,A,42.7347,-12.2345,-1.243645,0.001867,1.003621,117.1,365,TRUE,purple,cultivar
VAV-1953,MEX,B,22.4851,-96.3906,-0.252396,2.480437,-2.55524,88.7,229,TRUE,pink,landrace
VAV-1954,IND,D,33.2858,74.1158,-0.587146,-1.796372,0.972599,90.6,313,TRUE,white,cultivar
VAV-1955,ETH,C,0.372,43.643,1.153328,-1.518889,0.795952,103.7,167,TRUE,white,cultivar
VAV-1956,PER,B,-10.2474,-83.294,1.144687,1.729714,-0.81391,113.0,95,TRUE,pink,"seed bank, Córdoba"
VAV-1957,MEX,B,26.0587,-94.9804,1.565441,2.5084,0.46436,103.3,183,TRUE,white,cultivar
VAV-1958,ETH,C,11.0601,47.9727,2.347739,-0.109666,-0.261777,126.3,57,FALSE,white,landrace
VAV-1959,ETH,C,6.0645,48.474,1.920921,0.012374,0.600091,143.5,310,TRUE,purple,collected in 1998
VAV-1960,CHN,D,43.3894,106.6752,-1.820391,-2.287773,-0.23917,79.5,,TRUE,white,"seed bank, Córdoba"
VAV-1961,CHN,D,28.531,109.8487,-2.143363,-2.315022,-0.290255,96.2,233,TRUE,white,"seed bank, Córdoba"
VAV-1962,PER,C,-10.7547,-78.5191,0.359109,-0.843361,1.435508,137.2,341,TRUE,white,landrace
VAV-1963,ESP,A,38.3023,4.8256,-1.698008,0.393817,0.554758,121.7,6,TRUE,white,cultivar
VAV-1964,MEX,B,19.0829,-96.3409,1.201729,1.054128,-0.624887,98.2,213,TRUE,pink,cultivar
VAV-1965,IND,D,15.0272,90.6074,-2.051951,-1.131483,-0.360065,86.9,148,TRUE,,cultivar
VAV-1966,ETH,C,7.257,37.3086,1.712486,-0.767439,1.243704,105.2,144,TRUE,white,landrace
VAV-1967,CHN,D,34.6876,97.1517,-1.534998,-1.894349,-0.828246,75.8,346,TRUE,purple,collected in 1998
VAV-1968,CHN,D,40.2323,106.3245,-1.873411,-2.091275,-0.691196,101.2,242,TRUE,white,cultivar
VAV-1969,ESP,D,43.435,5.0538,-1.199835,-0.431314,0.316921,88.7,212,TRUE,pink,
VAV-1970,IND,D,22.0664,89.9972,-1.610647,-0.858708,-0.051427,125.7,255,,pink,cultivar
VAV-1971,ESP,A,,,-1.492005,0.858281,-1.051306,128.1,247,TRUE,pink,wild relative
VAV-1972,CHN,D,39.9082,96.7728,-0.748543,-1.972968,-0.869614,105.1,,TRUE,white,"seed bank, Córdoba"
VAV-1973,PER,B,-5.4254,-84.9162,1.101599,2.362519,-1.008233,107.9,24,TRUE,purple,"seed bank, Córdoba"
VAV-1974,ETH,C,5.3032,30.4841,2.686138,-1.285459,0.479875,83.2,,TRUE,pink,collected in 1998
VAV-1975,ETH,B,11.6552,41.3222,2.487765,2.663523,-1.474635,87.1,264,TRUE,white,"seed bank, Córdoba"
VAV-1976,MEX,B,14.578,-111.6865,2.420056,2.3557,-2.437326,116.0,263,TRUE,purple,cultivar
VAV-1977,MEX,B,18.3818,-108.2437,2.685514,1.463978,0.017009,,83,TRUE,purple,landrace
VAV-1978,MEX,,25.8175,-108.0421,1.494895,2.277803,-0.9873,109.0,97,TRUE,white,cultivar
VAV-1979,MEX,B,28.9455,-111.5734,1.742871,1.54738,0.014343,126.3,162,TRUE,white,collected in 1998
VAV-1980,IND,D,24.2628,71.353,-1.699145,-2.442633,-1.663196,95.9,193,TRUE,white,"seed bank, Córdoba"
VAV-1981,MEX,B,23.2554,-96.2273,1.63572,0.855734,-1.002023,122.4,214,TRUE,white,landrace
VAV-1982,MEX,B,25.6264,-103.1149,1.856026,1.756677,-0.294793,116.9,240,FALSE,pink,landrace
VAV-1983,PER,B,-0.8899,-62.1279,1.456339,1.670668,0.117884,129.7,115,TRUE,white,
VAV-1984,ETH,C,7.5665,35.5399,2.820075,-1.498808,1.405737,123.1,140,TRUE,purple,landrace
VAV-1985,ESP,A,39.7113,-6.2508,-0.815524,1.954864,1.315811,112.3,99,TRUE,pink,landrace
VAV-1986,CHN,D,30.0602,108.8441,-0.819847,-2.082131,-0.436366,128.8,305,TRUE,white,"seed bank, Córdoba"
VAV-1987,IND,D,16.3204,74.5755,-1.444408,-2.558178,-1.271571,85.9,267,,purple,wild relative
VAV-1988,ETH,C,0.7315,44.5317,1.937746,-2.185739,0.077785,83.0,326,FALSE,pink,cultivar
VAV-1989,PER,B,-15.2703,-77.3733,2.19673,2.040153,-0.592907,117.1,344,TRUE,white,wild relative
VAV-1990,CHN,D,43.5715,112.917,-0.570129,-1.586832,-1.149441,113.9,234,TRUE,pink,landrace
VAV-1991,PER,,-15.3848,-88.3376,1.861075,2.358405,-1.886262,116.3,205,TRUE,white,
VAV-1992,CHN,D,32.2376,109.5242,-1.767861,-1.752746,-0.523046,123.1,125,TRUE,pink,wild relative
VAV-1993,MEX,B,22.5115,-95.3581,1.233509,0.901405,-0.371817,87.6,264,TRUE,pink,wild relative
VAV-1994,ESP,A,38.6707,-10.2341,-1.521828,1.192532,1.393071,110.8,346,TRUE,,cultivar
VAV-1995,IND,B,19.7612,79.1651,1.106213,3.069952,-0.881063,102.5,240,TRUE,pink,cultivar
VAV-1996,ETH,C,11.2582,42.491,2.921148,-1.988427,1.298934,111.6,124,TRUE,pink,collected in 1998
VAV-1997,ESP,B,38.5996,-14.203,0.789277,2.634308,-1.304992,,14,TRUE,pink,wild relative
VAV-1998,ESP,A,43.0716,-5.9945,-1.812941,0.4933,0.471218,111.4,361,TRUE,purple,landrace
VAV-1999,IND,,11.9949,79.2129,-2.87782,-2.701749,-1.876718,115.5,140,TRUE,pink,cultivar
VAV-2000,ETH,C,8.4304,28.6258,2.016985,-1.969279,1.329824,120.0,368,TRUE,pink,"seed bank, Córdoba"
